acc,FaceAbility,conf,lineup,cond__,effect1__,effect2__,estimate__,se__,lower__,upper__
0,-0.89,0,NA,1,0,-0.89,7.362938257424021,0.1732775453059847,7.0480727094054165,7.883958515175753
0,0,0,NA,1,0,0,7.480707480779255,0.2018036539516799,7.13883981792189,7.9884244134602636
0,0.88,0,NA,1,0,0.88,7.704471955113588,0.3405848549544505,7.190057106513736,8.263359957469763
0.010101010101010102,-0.89,0,NA,1,0.010101010101010102,-0.89,7.365379400204161,0.17418929688707108,7.050752643631727,7.888828504334639
0.010101010101010102,0,0,NA,1,0.010101010101010102,0,7.485320863617831,0.20378017701882079,7.141712521528598,7.9932606205156205
0.010101010101010102,0.88,0,NA,1,0.010101010101010102,0.88,7.711052302982663,0.34030129781536567,7.19312857763765,8.265454323225928
0.020202020202020204,-0.89,0,NA,1,0.020202020202020204,-0.89,7.367972363153386,0.17522694270047948,7.05246838581265,7.895204244897105
0.020202020202020204,0,0,NA,1,0.020202020202020204,0,7.4898171655798755,0.2055505746425296,7.144160900531077,7.998584062166723
0.020202020202020204,0.88,0,NA,1,0.020202020202020204,0.88,7.717096596024092,0.33976355698935334,7.1963631715277465,8.266813691343868
0.030303030303030304,-0.89,0,NA,1,0.030303030303030304,-0.89,7.370390325041824,0.17639001578045677,7.054971152015123,7.901223542470738
0.030303030303030304,0,0,NA,1,0.030303030303030304,0,7.494740035057149,0.20721995864585266,7.146825598918378,8.003051487205527
0.030303030303030304,0.88,0,NA,1,0.030303030303030304,0.88,7.723006218429388,0.34064159177693354,7.19936091586578,8.268485557992145
0.04040404040404041,-0.89,0,NA,1,0.04040404040404041,-0.89,7.373227331510302,0.17752413826167762,7.056209084854234,7.905595370781523
0.04040404040404041,0,0,NA,1,0.04040404040404041,0,7.499531015962706,0.20930101884409108,7.149412429738876,8.00867910579097
0.04040404040404041,0.88,0,NA,1,0.04040404040404041,0.88,7.7291112637528006,0.34093220875784236,7.201931649565032,8.271471590810311
0.05050505050505051,-0.89,0,NA,1,0.05050505050505051,-0.89,7.375859778882257,0.17901206840459347,7.058061381708465,7.911552574145001
0.05050505050505051,0,0,NA,1,0.05050505050505051,0,7.504456747143127,0.2118065625189233,7.151948979352421,8.013765704196446
0.05050505050505051,0.88,0,NA,1,0.05050505050505051,0.88,7.735852190127812,0.3410454690131104,7.204706207095466,8.273615279092382
0.06060606060606061,-0.89,0,NA,1,0.06060606060606061,-0.89,7.379033223021575,0.18033302261877668,7.059959996790572,7.917712875753545
0.06060606060606061,0,0,NA,1,0.06060606060606061,0,7.5093439502028225,0.21422861527394618,7.15503164375747,8.019436743550507
0.06060606060606061,0.88,0,NA,1,0.06060606060606061,0.88,7.742705425600448,0.3412887654834668,7.2077364371784745,8.276316755776907
0.07070707070707072,-0.89,0,NA,1,0.07070707070707072,-0.89,7.381873526567309,0.18145332465174394,7.0617596183986295,7.923928520594232
0.07070707070707072,0,0,NA,1,0.07070707070707072,0,7.514148861266058,0.21585482695885924,7.157968143866606,8.025271757802656
0.07070707070707072,0.88,0,NA,1,0.07070707070707072,0.88,7.749029266715494,0.34095686767837313,7.210049914493337,8.278537764824598
0.08080808080808081,-0.89,0,NA,1,0.08080808080808081,-0.89,7.3849391469861745,0.18278181139099312,7.064017986419145,7.93065087532027
0.08080808080808081,0,0,NA,1,0.08080808080808081,0,7.519246251030674,0.21831554710704842,7.160812318297282,8.030539481876806
0.08080808080808081,0.88,0,NA,1,0.08080808080808081,0.88,7.754989914666156,0.34104424369589137,7.212630530359175,8.280906905226322
0.09090909090909091,-0.89,0,NA,1,0.09090909090909091,-0.89,7.388293812912275,0.18437933264181636,7.065244307903693,7.936854097540603
0.09090909090909091,0,0,NA,1,0.09090909090909091,0,7.524518415609259,0.22009674065717189,7.163758354826231,8.03654895106782
0.09090909090909091,0.88,0,NA,1,0.09090909090909091,0.88,7.761260344337394,0.3406750243959233,7.2154511463526365,8.283426673897278
0.10101010101010102,-0.89,0,NA,1,0.10101010101010102,-0.89,7.391522806258067,0.1860517148258403,7.066771892889596,7.945852392513091
0.10101010101010102,0,0,NA,1,0.10101010101010102,0,7.529956418454788,0.22226234713429835,7.166212794966791,8.042066691978265
0.10101010101010102,0.88,0,NA,1,0.10101010101010102,0.88,7.7675842788566145,0.34084603253414814,7.218409623383666,8.285462099387143
0.11111111111111112,-0.89,0,NA,1,0.11111111111111112,-0.89,7.3950299756607745,0.1877263378346259,7.067571722630388,7.952364205440628
0.11111111111111112,0,0,NA,1,0.11111111111111112,0,7.535409735002071,0.2246971242728143,7.168811425217613,8.04723995228851
0.11111111111111112,0.88,0,NA,1,0.11111111111111112,0.88,7.77363893659879,0.34080988593987627,7.22115014803687,8.288139459954794
0.12121212121212122,-0.89,0,NA,1,0.12121212121212122,-0.89,7.39853988178041,0.18946926345861828,7.069239418900576,7.958251991335223
0.12121212121212122,0,0,NA,1,0.12121212121212122,0,7.540162667964005,0.2274235337074413,7.170864769905601,8.051661051956078
0.12121212121212122,0.88,0,NA,1,0.12121212121212122,0.88,7.779133004587724,0.34078329533296614,7.223344541178003,8.290920176464091
0.13131313131313133,-0.89,0,NA,1,0.13131313131313133,-0.89,7.401988642309988,0.19156862184464546,7.07146908530772,7.965336586193105
0.13131313131313133,0,0,NA,1,0.13131313131313133,0,7.545107449912812,0.22919897279072757,7.173056062546846,8.059087319738177
0.13131313131313133,0.88,0,NA,1,0.13131313131313133,0.88,7.785588867544492,0.3403971362414877,7.225145812177565,8.293575783177165
0.14141414141414144,-0.89,0,NA,1,0.14141414141414144,-0.89,7.40522418735164,0.1934603335573146,7.0735621537047315,7.973687369766803
0.14141414141414144,0,0,NA,1,0.14141414141414144,0,7.550602588325562,0.23130928274854828,7.175211190850075,8.063314099465938
0.14141414141414144,0.88,0,NA,1,0.14141414141414144,0.88,7.792126514053655,0.33970652765533216,7.226849611313286,8.295870001679408
0.15151515151515152,-0.89,0,NA,1,0.15151515151515152,-0.89,7.40849689397346,0.19529468341660303,7.075863258005609,7.981266385552804
0.15151515151515152,0,0,NA,1,0.15151515151515152,0,7.55615392486923,0.23337043737226737,7.177901269142846,8.068925880106354
0.15151515151515152,0.88,0,NA,1,0.15151515151515152,0.88,7.798385210465073,0.3391523845238884,7.228786029690947,8.298020008667368
0.16161616161616163,-0.89,0,NA,1,0.16161616161616163,-0.89,7.412321128878647,0.19783772561076518,7.077688684358464,7.988317269960259
0.16161616161616163,0,0,NA,1,0.16161616161616163,0,7.562339800989523,0.2362945890241012,7.180644505462291,8.07433775842148
0.16161616161616163,0.88,0,NA,1,0.16161616161616163,0.88,7.804593518301477,0.33910189499717663,7.231313389612115,8.301439510446425
0.17171717171717174,-0.89,0,NA,1,0.17171717171717174,-0.89,7.415972293321461,0.20044033042705556,7.079442897462219,7.997524574868353
0.17171717171717174,0,0,NA,1,0.17171717171717174,0,7.56779638190581,0.2386975118623293,7.183446167784411,8.081138013619986
0.17171717171717174,0.88,0,NA,1,0.17171717171717174,0.88,7.8102794504191415,0.3391981146978684,7.2336470806563655,8.304734461378699
0.18181818181818182,-0.89,0,NA,1,0.18181818181818182,-0.89,7.41949575115925,0.20264593633561834,7.0810724490530275,8.00617713340399
0.18181818181818182,0,0,NA,1,0.18181818181818182,0,7.573114607247374,0.24092148800155824,7.186865022979972,8.087172528661242
0.18181818181818182,0.88,0,NA,1,0.18181818181818182,0.88,7.816594615693624,0.33856421711717066,7.2359269856688355,8.307651492817952
0.19191919191919193,-0.89,0,NA,1,0.19191919191919193,-0.89,7.423583003467889,0.2057298589494105,7.082836943692869,8.014493867622924
0.19191919191919193,0,0,NA,1,0.19191919191919193,0,7.578883373406618,0.24356160686308714,7.189085626588114,8.092991799031145
0.19191919191919193,0.88,0,NA,1,0.19191919191919193,0.88,7.823104078772376,0.3380208338934935,7.237479352878298,8.309679045544922
0.20202020202020204,-0.89,0,NA,1,0.20202020202020204,-0.89,7.427209696999589,0.20847411207147648,7.0845268904645415,8.023017172639966
0.20202020202020204,0,0,NA,1,0.20202020202020204,0,7.584924563430822,0.246258705691573,7.191347595344491,8.098875611094552
0.20202020202020204,0.88,0,NA,1,0.20202020202020204,0.88,7.828491364875694,0.338248392485287,7.238602897424068,8.312686511650709
0.21212121212121213,-0.89,0,NA,1,0.21212121212121213,-0.89,7.430813929178742,0.21149419145844903,7.08593202561871,8.030664825666149
0.21212121212121213,0,0,NA,1,0.21212121212121213,0,7.590832589662804,0.24879234688169746,7.193936026439548,8.106075921598734
0.21212121212121213,0.88,0,NA,1,0.21212121212121213,0.88,7.834197351631278,0.3374443995341232,7.240602427101187,8.315755593534508
0.22222222222222224,-0.89,0,NA,1,0.22222222222222224,-0.89,7.4344432870997474,0.21432471998233354,7.088401409986672,8.038432269539902
0.22222222222222224,0,0,NA,1,0.22222222222222224,0,7.596939715903355,0.2513621355294644,7.19728882255481,8.111806830912062
0.22222222222222224,0.88,0,NA,1,0.22222222222222224,0.88,7.839945503082336,0.3372519867018108,7.2443373664114565,8.318992588307063
0.23232323232323235,-0.89,0,NA,1,0.23232323232323235,-0.89,7.438218271475225,0.2167215230188771,7.090836232308799,8.046854379770062
0.23232323232323235,0,0,NA,1,0.23232323232323235,0,7.603432272940671,0.2540045034406955,7.200349780456616,8.11800139942587
0.23232323232323235,0.88,0,NA,1,0.23232323232323235,0.88,7.84624344693354,0.33609821651009786,7.246594681472461,8.321795885417067
0.24242424242424243,-0.89,0,NA,1,0.24242424242424243,-0.89,7.441933971261792,0.21952166978033139,7.093034295219412,8.056118067603338
0.24242424242424243,0,0,NA,1,0.24242424242424243,0,7.609297524329142,0.25664358449779273,7.203319426614735,8.123477337970712
0.24242424242424243,0.88,0,NA,1,0.24242424242424243,0.88,7.851949263267102,0.3352643473783924,7.248868351035321,8.323733924393276
0.25252525252525254,-0.89,0,NA,1,0.25252525252525254,-0.89,7.446108518960022,0.2229096670050275,7.094980362359632,8.06494401392161
0.25252525252525254,0,0,NA,1,0.25252525252525254,0,7.615614120739231,0.2592215246120861,7.2059479170588485,8.13017781289339
0.25252525252525254,0.88,0,NA,1,0.25252525252525254,0.88,7.857772368492421,0.3348428557747964,7.250319754563511,8.326850641058689
0.26262626262626265,-0.89,0,NA,1,0.26262626262626265,-0.89,7.449778832889794,0.2262573496633913,7.096994092331765,8.072260122896132
0.26262626262626265,0,0,NA,1,0.26262626262626265,0,7.622209870628826,0.26118195074167583,7.20870643343067,8.1365444647588
0.26262626262626265,0.88,0,NA,1,0.26262626262626265,0.88,7.86310924852925,0.3341641204449071,7.252158543685919,8.329528341584128
0.27272727272727276,-0.89,0,NA,1,0.27272727272727276,-0.89,7.453890521081198,0.2299125073536837,7.09836773525037,8.0794802433073
0.27272727272727276,0,0,NA,1,0.27272727272727276,0,7.6284192941904205,0.2637611883006096,7.210939111049859,8.142242265948433
0.27272727272727276,0.88,0,NA,1,0.27272727272727276,0.88,7.868957249909325,0.33388527324175715,7.253873456980122,8.33253780287771
0.2828282828282829,-0.89,0,NA,1,0.2828282828282829,-0.89,7.457859352870042,0.2333438952838327,7.10080469025084,8.08571230127169
0.2828282828282829,0,0,NA,1,0.2828282828282829,0,7.634845929712081,0.26602313668065136,7.213774360548304,8.148422718370087
0.2828282828282829,0.88,0,NA,1,0.2828282828282829,0.88,7.874467643485537,0.33301405159381675,7.25572492481052,8.335176009015619
0.29292929292929293,-0.89,0,NA,1,0.29292929292929293,-0.89,7.462295089917348,0.23707356985279213,7.102881313916358,8.093311208240397
0.29292929292929293,0,0,NA,1,0.29292929292929293,0,7.641318710421153,0.2685619059086237,7.215831098278919,8.153810882035424
0.29292929292929293,0.88,0,NA,1,0.29292929292929293,0.88,7.880283834699915,0.33186521576269423,7.257851454126751,8.33801896398437
0.30303030303030304,-0.89,0,NA,1,0.30303030303030304,-0.89,7.467049660916639,0.24037653458763877,7.104443694488867,8.100751396519044
0.30303030303030304,0,0,NA,1,0.30303030303030304,0,7.647957359626607,0.27102443540807597,7.218409288152873,8.159615055916175
0.30303030303030304,0.88,0,NA,1,0.30303030303030304,0.88,7.885596836861835,0.3311230804785646,7.259494732352649,8.340079866348452
0.31313131313131315,-0.89,0,NA,1,0.31313131313131315,-0.89,7.471690326141447,0.24407339259392424,7.106169577607674,8.108456552483297
0.31313131313131315,0,0,NA,1,0.31313131313131315,0,7.654556007062469,0.27345243460105445,7.220317072148174,8.165384890819753
0.31313131313131315,0.88,0,NA,1,0.31313131313131315,0.88,7.891139615215158,0.3303914958418206,7.2608065184304715,8.342319942894942
0.32323232323232326,-0.89,0,NA,1,0.32323232323232326,-0.89,7.476086478788582,0.24776693990303947,7.108235697641057,8.116283563800094
0.32323232323232326,0,0,NA,1,0.32323232323232326,0,7.661294339819082,0.2761010192610044,7.221886022795406,8.170546739986255
0.32323232323232326,0.88,0,NA,1,0.32323232323232326,0.88,7.89678646272707,0.3299492454383946,7.262499740914848,8.34497119483161
0.33333333333333337,-0.89,0,NA,1,0.33333333333333337,-0.89,7.480308990316229,0.25213021898386867,7.110078252155181,8.123456037444829
0.33333333333333337,0,0,NA,1,0.33333333333333337,0,7.66795542897772,0.27877580135590613,7.224199833294408,8.17632164663109
0.33333333333333337,0.88,0,NA,1,0.33333333333333337,0.88,7.90208194000857,0.3293418947043291,7.264732214685172,8.347073359586396
0.3434343434343435,-0.89,0,NA,1,0.3434343434343435,-0.89,7.484899301167431,0.25575493095944596,7.111770176066895,8.131109613196637
0.3434343434343435,0,0,NA,1,0.3434343434343435,0,7.674726433536701,0.28106750919324913,7.2258257969719875,8.182016101332437
0.3434343434343435,0.88,0,NA,1,0.3434343434343435,0.88,7.906552921219449,0.3288074286602457,7.26678633022784,8.349313701099808
0.3535353535353536,-0.89,0,NA,1,0.3535353535353536,-0.89,7.489328844593957,0.2592396490072459,7.114102052941095,8.137898460726205
0.3535353535353536,0,0,NA,1,0.3535353535353536,0,7.68118343131073,0.283258287414463,7.227998760943456,8.187625677508937
0.3535353535353536,0.88,0,NA,1,0.3535353535353536,0.88,7.91176004217521,0.3277459628464176,7.268053566461693,8.352435074734151
0.36363636363636365,-0.89,0,NA,1,0.36363636363636365,-0.89,7.494100167133868,0.26351388807223064,7.114891099609949,8.145418657092243
0.36363636363636365,0,0,NA,1,0.36363636363636365,0,7.688427818108295,0.2851983052063648,7.230543610297392,8.192744224796884
0.36363636363636365,0.88,0,NA,1,0.36363636363636365,0.88,7.9172684784723835,0.327599064020146,7.269852622335844,8.354869784594637
0.37373737373737376,-0.89,0,NA,1,0.37373737373737376,-0.89,7.498749164207304,0.2673961962983973,7.1154664892665265,8.152408146934283
0.37373737373737376,0,0,NA,1,0.37373737373737376,0,7.6949710175655195,0.2871913786270339,7.23353503426986,8.1982177436664
0.37373737373737376,0.88,0,NA,1,0.37373737373737376,0.88,7.921738775555365,0.32654924506670774,7.2710295840122825,8.357449036961018
0.38383838383838387,-0.89,0,NA,1,0.38383838383838387,-0.89,7.503156618045775,0.2717436378188093,7.116491603567061,8.160522932695443
0.38383838383838387,0,0,NA,1,0.38383838383838387,0,7.701616808356041,0.28891978458840895,7.235913008513902,8.203542490780212
0.38383838383838387,0.88,0,NA,1,0.38383838383838387,0.88,7.926148103803788,0.32513389130548176,7.271875213074692,8.359468547786278
0.393939393939394,-0.89,0,NA,1,0.393939393939394,-0.89,7.5089949241625344,0.2765744986031365,7.118412812075501,8.168620894851292
0.393939393939394,0,0,NA,1,0.393939393939394,0,7.708524275175382,0.2909365367136654,7.237955261356938,8.20913526725904
0.393939393939394,0.88,0,NA,1,0.393939393939394,0.88,7.931349533128652,0.3235160490689083,7.273598049552467,8.362188682447533
0.4040404040404041,-0.89,0,NA,1,0.4040404040404041,-0.89,7.5139372455354625,0.28101601253580455,7.119519841509468,8.174928719029896
0.4040404040404041,0,0,NA,1,0.4040404040404041,0,7.715196260550739,0.29297929943504636,7.2397923969041695,8.213687057242693
0.4040404040404041,0.88,0,NA,1,0.4040404040404041,0.88,7.935717136094124,0.3229081264062314,7.275928550745796,8.363904853435576
0.4141414141414142,-0.89,0,NA,1,0.4141414141414142,-0.89,7.518811573446735,0.2850622342967409,7.121963053058595,8.181344630468793
0.4141414141414142,0,0,NA,1,0.4141414141414142,0,7.722067336484649,0.294548060138398,7.2422228070359775,8.219076689235806
0.4141414141414142,0.88,0,NA,1,0.4141414141414142,0.88,7.941006166898593,0.32191645141604336,7.276484953111594,8.366336847871127
0.42424242424242425,-0.89,0,NA,1,0.42424242424242425,-0.89,7.5245502827070965,0.29009622952066694,7.1237132000971,8.187432321418497
0.42424242424242425,0,0,NA,1,0.42424242424242425,0,7.729169816287654,0.2970611313094717,7.243608861493975,8.224565683872719
0.42424242424242425,0.88,0,NA,1,0.42424242424242425,0.88,7.945970815658622,0.3204946527802117,7.278195749419105,8.368284222573346
0.43434343434343436,-0.89,0,NA,1,0.43434343434343436,-0.89,7.529816287715384,0.29538298728492474,7.125927445477836,8.192462737338898
0.43434343434343436,0,0,NA,1,0.43434343434343436,0,7.736398636308582,0.29904209192003717,7.245161789015722,8.229732471294907
0.43434343434343436,0.88,0,NA,1,0.43434343434343436,0.88,7.950672666444474,0.3188344568132538,7.27875332715229,8.370483033897198
0.4444444444444445,-0.89,0,NA,1,0.4444444444444445,-0.89,7.5352577862346255,0.30034033218476386,7.127242485473863,8.198097078664047
0.4444444444444445,0,0,NA,1,0.4444444444444445,0,7.74325877697534,0.3004811921767911,7.2479215090943665,8.234562011122325
0.4444444444444445,0.88,0,NA,1,0.4444444444444445,0.88,7.9551388775531375,0.3178791666946929,7.280608682029346,8.372565413186894
0.4545454545454546,-0.89,0,NA,1,0.4545454545454546,-0.89,7.541246047668519,0.30569853982559214,7.128149971531524,8.20400226001398
0.4545454545454546,0,0,NA,1,0.4545454545454546,0,7.750405287771812,0.3020232860273681,7.250570757652741,8.239036536873577
0.4545454545454546,0.88,0,NA,1,0.4545454545454546,0.88,7.959468763002867,0.3163464854376982,7.281432126418854,8.374940813653089
0.4646464646464647,-0.89,0,NA,1,0.4646464646464647,-0.89,7.546756572960965,0.31006788655137263,7.129727061547844,8.211498802916982
0.4646464646464647,0,0,NA,1,0.4646464646464647,0,7.757711634292093,0.3033074099593312,7.2531812120267665,8.243477354720651
0.4646464646464647,0.88,0,NA,1,0.4646464646464647,0.88,7.96434724383866,0.3150519311181718,7.2824472576926835,8.3769594397252245
0.4747474747474748,-0.89,0,NA,1,0.4747474747474748,-0.89,7.551941438068516,0.3149635426197096,7.131100710070041,8.218008909271626
0.4747474747474748,0,0,NA,1,0.4747474747474748,0,7.764552503194623,0.3052920380824224,7.2556082547488225,8.248136907804975
0.4747474747474748,0.88,0,NA,1,0.4747474747474748,0.88,7.968839815364497,0.3141034024536786,7.282699028786957,8.37895376769127
0.48484848484848486,-0.89,0,NA,1,0.48484848484848486,-0.89,7.558511723619349,0.32009315878137085,7.131913608729614,8.22297848149708
0.48484848484848486,0,0,NA,1,0.48484848484848486,0,7.771082036070906,0.3066258332730614,7.257738524141668,8.25291109291178
0.48484848484848486,0.88,0,NA,1,0.48484848484848486,0.88,7.973534204954008,0.31264366868146926,7.284242452697702,8.38095678287389
0.494949494949495,-0.89,0,NA,1,0.494949494949495,-0.89,7.564646002173962,0.3251283472248652,7.132816564025098,8.22873583819248
0.494949494949495,0,0,NA,1,0.494949494949495,0,7.778120163155129,0.30756331330747777,7.2593753781443455,8.25724632056083
0.494949494949495,0.88,0,NA,1,0.494949494949495,0.88,7.977576539239921,0.31121031159813156,7.284317962124159,8.383189737841231
0.5050505050505051,-0.89,0,NA,1,0.5050505050505051,-0.89,7.570277168862878,0.3298216644469934,7.133711922866348,8.235061009705538
0.5050505050505051,0,0,NA,1,0.5050505050505051,0,7.7849116658502036,0.30851066928113396,7.261416356962616,8.262242301098922
0.5050505050505051,0.88,0,NA,1,0.5050505050505051,0.88,7.981548884900793,0.3098674049995327,7.284074845897407,8.385153659654124
0.5151515151515152,-0.89,0,NA,1,0.5151515151515152,-0.89,7.576569798360223,0.3353868384188321,7.134513905562655,8.2398345724608
0.5151515151515152,0,0,NA,1,0.5151515151515152,0,7.791513825632972,0.30934502782871903,7.263637108076237,8.266050565267276
0.5151515151515152,0.88,0,NA,1,0.5151515151515152,0.88,7.9862647110165295,0.3084045047167034,7.284349469652947,8.387542624861188
0.5252525252525253,-0.89,0,NA,1,0.5252525252525253,-0.89,7.582706184545153,0.3401251911143828,7.1356192548487005,8.24505992664413
0.5252525252525253,0,0,NA,1,0.5252525252525253,0,7.798547793505551,0.3102654697576232,7.2655885801229925,8.270374181161525
0.5252525252525253,0.88,0,NA,1,0.5252525252525253,0.88,7.990240002624095,0.30785787852534025,7.2846236745852275,8.389508982220892
0.5353535353535354,-0.89,0,NA,1,0.5353535353535354,-0.89,7.5888394382842925,0.34549252262676033,7.136229979718942,8.250561671747082
0.5353535353535354,0,0,NA,1,0.5353535353535354,0,7.805638400839488,0.31100711565785993,7.267141793524182,8.274681643710204
0.5353535353535354,0.88,0,NA,1,0.5353535353535354,0.88,7.9945690300416,0.3062698182266255,7.285027006186371,8.391170536013353
0.5454545454545455,-0.89,0,NA,1,0.5454545454545455,-0.89,7.59528205030324,0.35079399032302144,7.136711256360493,8.256287981450004
0.5454545454545455,0,0,NA,1,0.5454545454545455,0,7.812004267389412,0.31186732388384397,7.269462708747784,8.278001356925223
0.5454545454545455,0.88,0,NA,1,0.5454545454545455,0.88,7.998468474659962,0.3047284393641122,7.28520938319406,8.392903270894562
0.5555555555555556,-0.89,0,NA,1,0.5555555555555556,-0.89,7.601770380852457,0.35579827677079146,7.137505862912436,8.25946910938534
0.5555555555555556,0,0,NA,1,0.5555555555555556,0,7.818743407701772,0.31231568109629976,7.271477700943581,8.281877317828055
0.5555555555555556,0.88,0,NA,1,0.5555555555555556,0.88,8.002118272740525,0.3035410000995739,7.285068375900239,8.394253993891617
0.5656565656565657,-0.89,0,NA,1,0.5656565656565657,-0.89,7.607827007911103,0.3613361611216415,7.138111411885064,8.263962159596417
0.5656565656565657,0,0,NA,1,0.5656565656565657,0,7.825545272488591,0.31228733519727647,7.273748966478155,8.285968808926233
0.5656565656565657,0.88,0,NA,1,0.5656565656565657,0.88,8.006237343560494,0.30250776207308666,7.285152515505806,8.396228171260539
0.5757575757575758,-0.89,0,NA,1,0.5757575757575758,-0.89,7.614204486544489,0.36656482854778527,7.139208399099958,8.268718956206826
0.5757575757575758,0,0,NA,1,0.5757575757575758,0,7.832156129429627,0.3121424528174891,7.276297367200157,8.289700868329854
0.5757575757575758,0.88,0,NA,1,0.5757575757575758,0.88,8.009636115225526,0.301060668826413,7.285673161078054,8.397964794426521
0.5858585858585859,-0.89,0,NA,1,0.5858585858585859,-0.89,7.620969228043991,0.3712353405903986,7.139985998272122,8.273840911197674
0.5858585858585859,0,0,NA,1,0.5858585858585859,0,7.838854017964228,0.3122424501107028,7.278019250386678,8.294355963412537
0.5858585858585859,0.88,0,NA,1,0.5858585858585859,0.88,8.013820234847467,0.2994697453564808,7.285633405591146,8.399691185319082
0.595959595959596,-0.89,0,NA,1,0.595959595959596,-0.89,7.627782314367986,0.37707904942604575,7.140530107943469,8.278460982476638
0.595959595959596,0,0,NA,1,0.595959595959596,0,7.845295291101511,0.3121412245277075,7.280179484483684,8.29813366935282
0.595959595959596,0.88,0,NA,1,0.595959595959596,0.88,8.017267931653732,0.2984710702511207,7.285167112299739,8.400815367855383
0.6060606060606061,-0.89,0,NA,1,0.6060606060606061,-0.89,7.634095625811199,0.3824699240534809,7.141437369758849,8.283218165048272
0.6060606060606061,0,0,NA,1,0.6060606060606061,0,7.851904526422556,0.3126028683008293,7.2818848101557485,8.301824069475368
0.6060606060606061,0.88,0,NA,1,0.6060606060606061,0.88,8.020726364460295,0.2967117696000209,7.284887363287729,8.402901801799226
0.6161616161616162,-0.89,0,NA,1,0.6161616161616162,-0.89,7.640746775444074,0.3866823318599575,7.142448984413279,8.28743173052947
0.6161616161616162,0,0,NA,1,0.6161616161616162,0,7.858260212292464,0.31223690314064295,7.283552971137483,8.305198531848758
0.6161616161616162,0.88,0,NA,1,0.6161616161616162,0.88,8.024473013352647,0.295670996159873,7.2849041305325395,8.405039996301516
0.6262626262626263,-0.89,0,NA,1,0.6262626262626263,-0.89,7.647916530409921,0.39187558087748475,7.143072037470176,8.290871722858668
0.6262626262626263,0,0,NA,1,0.6262626262626263,0,7.8646632434575725,0.31235884681853177,7.285713879305634,8.3092803202622
0.6262626262626263,0.88,0,NA,1,0.6262626262626263,0.88,8.02812199706556,0.29411994541488107,7.285476723842939,8.406560464023988
0.6363636363636365,-0.89,0,NA,1,0.6363636363636365,-0.89,7.654794558647994,0.3965629495440655,7.143331171800198,8.295100896202893
0.6363636363636365,0,0,NA,1,0.6363636363636365,0,7.871327550552435,0.3118268720632888,7.286608228348863,8.312373010531097
0.6363636363636365,0.88,0,NA,1,0.6363636363636365,0.88,8.031773652005075,0.2925805286830919,7.285711346593375,8.408238276560086
0.6464646464646465,-0.89,0,NA,1,0.6464646464646465,-0.89,7.661668314539848,0.40161217476386263,7.144518299350263,8.299257186111708
0.6464646464646465,0,0,NA,1,0.6464646464646465,0,7.8779990753932285,0.31075803214288045,7.287730053310644,8.316061468319198
0.6464646464646465,0.88,0,NA,1,0.6464646464646465,0.88,8.03493604380114,0.2909841727389453,7.285575981464237,8.409835587944151
0.6565656565656566,-0.89,0,NA,1,0.6565656565656566,-0.89,7.668695491810018,0.4059414324158052,7.145244599520634,8.302899433323253
0.6565656565656566,0,0,NA,1,0.6565656565656566,0,7.8840766836502905,0.3103438421355067,7.289434060353901,8.31940594543673
0.6565656565656566,0.88,0,NA,1,0.6565656565656566,0.88,8.038132804019465,0.28957667295464884,7.285799357203293,8.412056556414896
0.6666666666666667,-0.89,0,NA,1,0.6666666666666667,-0.89,7.675674878046523,0.41062916725132986,7.1459103451276915,8.306758148880311
0.6666666666666667,0,0,NA,1,0.6666666666666667,0,7.890274778360027,0.30965624593627267,7.290199781303096,8.322917451188813
0.6666666666666667,0.88,0,NA,1,0.6666666666666667,0.88,8.041327743409505,0.28896442305803643,7.2859256162803,8.413418761640376
0.6767676767676768,-0.89,0,NA,1,0.6767676767676768,-0.89,7.68364432868804,0.4154626998360368,7.147527097142776,8.31076258829191
0.6767676767676768,0,0,NA,1,0.6767676767676768,0,7.896190536811908,0.30934939850195126,7.291825006049416,8.32581446823241
0.6767676767676768,0.88,0,NA,1,0.6767676767676768,0.88,8.044260656355123,0.2882996991836532,7.286290075660681,8.415317768218534
0.686868686868687,-0.89,0,NA,1,0.686868686868687,-0.89,7.690500493497318,0.41968511530456476,7.148843683811713,8.314338149400124
0.686868686868687,0,0,NA,1,0.686868686868687,0,7.90259905756361,0.3088592551482345,7.292584282597454,8.328711408404223
0.686868686868687,0.88,0,NA,1,0.686868686868687,0.88,8.047218379783276,0.28701929058579223,7.286238553887706,8.416505465572282
0.696969696969697,-0.89,0,NA,1,0.696969696969697,-0.89,7.698204540332996,0.42336851237105527,7.14908427888755,8.31831737904112
0.696969696969697,0,0,NA,1,0.696969696969697,0,7.908578641111461,0.30799460933174055,7.293750522178051,8.332244509196137
0.696969696969697,0.88,0,NA,1,0.696969696969697,0.88,8.050939627868866,0.2854760112383468,7.286732516574075,8.41789086761189
0.7070707070707072,-0.89,0,NA,1,0.7070707070707072,-0.89,7.705144836086374,0.42685915222099274,7.1495539586514845,8.321604636261695
0.7070707070707072,0,0,NA,1,0.7070707070707072,0,7.914573378991615,0.3070028738407809,7.295003594163416,8.335540037494779
0.7070707070707072,0.88,0,NA,1,0.7070707070707072,0.88,8.053852304726878,0.2843321278404154,7.286398609787342,8.419565357048324
0.7171717171717172,-0.89,0,NA,1,0.7171717171717172,-0.89,7.712937899465128,0.4306953357374507,7.150498751753249,8.324125407805202
0.7171717171717172,0,0,NA,1,0.7171717171717172,0,7.920764748653767,0.30547740430225023,7.295968841405236,8.338022204764702
0.7171717171717172,0.88,0,NA,1,0.7171717171717172,0.88,8.05738446333574,0.2827098257498171,7.286444265273606,8.420945282646807
0.7272727272727273,-0.89,0,NA,1,0.7272727272727273,-0.89,7.720610846779781,0.4341495587501491,7.151127100069072,8.326726784717279
0.7272727272727273,0,0,NA,1,0.7272727272727273,0,7.926659620682613,0.30431662897485384,7.297060559307162,8.340871602333351
0.7272727272727273,0.88,0,NA,1,0.7272727272727273,0.88,8.0606673727095135,0.2817570304248349,7.28742874275683,8.422266818469204
0.7373737373737375,-0.89,0,NA,1,0.7373737373737375,-0.89,7.728309292609865,0.43830163059530924,7.1511857113442385,8.329676521662082
0.7373737373737375,0,0,NA,1,0.7373737373737375,0,7.9324069339290055,0.302847052147287,7.298992410199026,8.343660830507025
0.7373737373737375,0.88,0,NA,1,0.7373737373737375,0.88,8.063235163158168,0.2808425038614189,7.286363574215743,8.423907116307735
0.7474747474747475,-0.89,0,NA,1,0.7474747474747475,-0.89,7.736373196180276,0.4409810159519628,7.151588287818477,8.332738405034734
0.7474747474747475,0,0,NA,1,0.7474747474747475,0,7.93805709899554,0.3011954907220781,7.300503241988952,8.346283441178645
0.7474747474747475,0.88,0,NA,1,0.7474747474747475,0.88,8.06599653596361,0.2798984337832695,7.285360019774856,8.424778756870925
0.7575757575757577,-0.89,0,NA,1,0.7575757575757577,-0.89,7.743627089880624,0.4437292197454174,7.15230243817804,8.335873721773613
0.7575757575757577,0,0,NA,1,0.7575757575757577,0,7.943706055755982,0.2996258114501178,7.302100795087734,8.349234042830886
0.7575757575757577,0.88,0,NA,1,0.7575757575757577,0.88,8.068893884838259,0.2785761643932693,7.286561620338727,8.426085643406747
0.7676767676767677,-0.89,0,NA,1,0.7676767676767677,-0.89,7.75081031333329,0.4469433444966214,7.152000772478721,8.339171309503666
0.7676767676767677,0,0,NA,1,0.7676767676767677,0,7.948898128034839,0.29862420035553117,7.30343715092011,8.351767816270808
0.7676767676767677,0.88,0,NA,1,0.7676767676767677,0.88,8.071500105271184,0.27718768798279986,7.285815000154848,8.42704346244891
0.7777777777777778,-0.89,0,NA,1,0.7777777777777778,-0.89,7.758395947284681,0.4495506762840188,7.152940424336902,8.341909598303845
0.7777777777777778,0,0,NA,1,0.7777777777777778,0,7.954176448168072,0.29749738217952704,7.304567413279212,8.354490345924573
0.7777777777777778,0.88,0,NA,1,0.7777777777777778,0.88,8.074090941356234,0.2759775954940532,7.2858643428997905,8.42812117610863
0.787878787878788,-0.89,0,NA,1,0.787878787878788,-0.89,7.76618238028232,0.4523698525638954,7.153504001295551,8.345120406063126
0.787878787878788,0,0,NA,1,0.787878787878788,0,7.9596779698794915,0.29606314786828586,7.305559542423712,8.357218950142842
0.787878787878788,0.88,0,NA,1,0.787878787878788,0.88,8.077055010610268,0.27449077539093225,7.286361877595594,8.429513890638413
0.797979797979798,-0.89,0,NA,1,0.797979797979798,-0.89,7.773866199156659,0.45382189564923753,7.153848152729909,8.347942184891146
0.797979797979798,0,0,NA,1,0.797979797979798,0,7.964972889868761,0.2946601819709278,7.307722280000715,8.360008646420047
0.797979797979798,0.88,0,NA,1,0.797979797979798,0.88,8.079593944588,0.2736357427569824,7.286493438969943,8.430850129162634
0.8080808080808082,-0.89,0,NA,1,0.8080808080808082,-0.89,7.781566608091808,0.4561584950933811,7.1540583426850395,8.35020590729865
0.8080808080808082,0,0,NA,1,0.8080808080808082,0,7.970093806986435,0.2928803560357419,7.308974652007387,8.362554969582911
0.8080808080808082,0.88,0,NA,1,0.8080808080808082,0.88,8.082550270146772,0.27220678870713905,7.287524434033312,8.43185759091053
0.8181818181818182,-0.89,0,NA,1,0.8181818181818182,-0.89,7.78940178178163,0.4573595161645606,7.154587670149285,8.353148299629524
0.8181818181818182,0,0,NA,1,0.8181818181818182,0,7.975507493586814,0.2911575593463277,7.310144524509979,8.364714981456965
0.8181818181818182,0.88,0,NA,1,0.8181818181818182,0.88,8.085526624296019,0.2711826416579573,7.286826805315478,8.433453597540034
0.8282828282828284,-0.89,0,NA,1,0.8282828282828284,-0.89,7.796648504712474,0.4578725774953258,7.155059524585316,8.356417261614693
0.8282828282828284,0,0,NA,1,0.8282828282828284,0,7.9806110203061955,0.2897400952151966,7.311272871385144,8.367345823481136
0.8282828282828284,0.88,0,NA,1,0.8282828282828284,0.88,8.088101873630226,0.26987459492620686,7.286700115116757,8.434987216130697
0.8383838383838385,-0.89,0,NA,1,0.8383838383838385,-0.89,7.804509921076214,0.45827858931429305,7.155164127719205,8.359441970905866
0.8383838383838385,0,0,NA,1,0.8383838383838385,0,7.98541558907036,0.28822922760938957,7.312427143670382,8.369474318822407
0.8383838383838385,0.88,0,NA,1,0.8383838383838385,0.88,8.090531951764413,0.2688080984934104,7.286030179669801,8.436118279576519
0.8484848484848485,-0.89,0,NA,1,0.8484848484848485,-0.89,7.811986645553443,0.4584068883143229,7.155266141474982,8.363671368344045
0.8484848484848485,0,0,NA,1,0.8484848484848485,0,7.9906263471608465,0.28619920752356737,7.313060484533773,8.371694242592783
0.8484848484848485,0.88,0,NA,1,0.8484848484848485,0.88,8.09296288164351,0.26761735668797454,7.285369908068214,8.437114406072803
0.8585858585858587,-0.89,0,NA,1,0.8585858585858587,-0.89,7.820051399197959,0.45765059160060734,7.155042130280586,8.365612754274304
0.8585858585858587,0,0,NA,1,0.8585858585858587,0,7.995147169724316,0.2850254285147406,7.314029630642934,8.374590713006194
0.8585858585858587,0.88,0,NA,1,0.8585858585858587,0.88,8.095488938468268,0.26670294483469026,7.284144689246418,8.438208242345961
0.8686868686868687,-0.89,0,NA,1,0.8686868686868687,-0.89,7.826861247045818,0.4578496450785015,7.155478852685063,8.368283724245778
0.8686868686868687,0,0,NA,1,0.8686868686868687,0,7.999960840086838,0.28313686638038865,7.315218334647024,8.37679071185672
0.8686868686868687,0.88,0,NA,1,0.8686868686868687,0.88,8.097820047600225,0.2650805853674337,7.284066772923617,8.439579786734411
0.8787878787878789,-0.89,0,NA,1,0.8787878787878789,-0.89,7.83478580230739,0.4576790948388996,7.155795061986078,8.370423311846906
0.8787878787878789,0,0,NA,1,0.8787878787878789,0,8.004621645762638,0.2815725847192798,7.315577559568859,8.37901128524489
0.8787878787878789,0.88,0,NA,1,0.8787878787878789,0.88,8.099957113779228,0.264114810794503,7.28302559467878,8.441255543523894
0.888888888888889,-0.89,0,NA,1,0.888888888888889,-0.89,7.841639295503111,0.45712118355808085,7.157009395273732,8.373067007469471
0.888888888888889,0,0,NA,1,0.888888888888889,0,8.008973021724302,0.2800228530607652,7.316162210023803,8.3817915261024325
0.888888888888889,0.88,0,NA,1,0.888888888888889,0.88,8.101896729585382,0.26321850155181953,7.28261372655225,8.442762568843897
0.8989898989898991,-0.89,0,NA,1,0.8989898989898991,-0.89,7.848521246140663,0.45556652073793275,7.157417241956102,8.374862619597934
0.8989898989898991,0,0,NA,1,0.8989898989898991,0,8.013159676102843,0.2784009974574245,7.316360242048834,8.383639690291146
0.8989898989898991,0.88,0,NA,1,0.8989898989898991,0.88,8.104003629828028,0.26213082433372953,7.2817446244681605,8.443646288703237
0.9090909090909092,-0.89,0,NA,1,0.9090909090909092,-0.89,7.855317593301791,0.45483678887569,7.157249538873234,8.376050905076951
0.9090909090909092,0,0,NA,1,0.9090909090909092,0,8.017702687141288,0.2766799902214728,7.31674886764483,8.385871921598985
0.9090909090909092,0.88,0,NA,1,0.9090909090909092,0.88,8.106264478920508,0.2607617359283835,7.281686939437727,8.444398761168713
0.9191919191919192,-0.89,0,NA,1,0.9191919191919192,-0.89,7.862021021036309,0.45353363127269164,7.15781596102773,8.378435257211219
0.9191919191919192,0,0,NA,1,0.9191919191919192,0,8.021616627252563,0.27505655732649725,7.317031555475834,8.388369167388348
0.9191919191919192,0.88,0,NA,1,0.9191919191919192,0.88,8.108260589093446,0.2598544119041839,7.2820870785744365,8.44552516944867
0.9292929292929294,-0.89,0,NA,1,0.9292929292929294,-0.89,7.869306374139194,0.45165371191652626,7.1582627849637745,8.379993979045704
0.9292929292929294,0,0,NA,1,0.9292929292929294,0,8.025697720419227,0.2733191156342141,7.317895501107789,8.390391858368197
0.9292929292929294,0.88,0,NA,1,0.9292929292929294,0.88,8.110400166862831,0.25885680849030135,7.282403054081297,8.446865106845612
0.9393939393939394,-0.89,0,NA,1,0.9393939393939394,-0.89,7.876512596894704,0.4491287521632141,7.158806250096333,8.381608674282397
0.9393939393939394,0,0,NA,1,0.9393939393939394,0,8.030163458705722,0.27123732489978614,7.319021899523914,8.39200316575205
0.9393939393939394,0.88,0,NA,1,0.9393939393939394,0.88,8.112380537174388,0.25752749371600775,7.282596706870815,8.44792353582254
0.9494949494949496,-0.89,0,NA,1,0.9494949494949496,-0.89,7.883312825222058,0.44725049301797815,7.158969513471227,8.382965107651133
0.9494949494949496,0,0,NA,1,0.9494949494949496,0,8.034730796794364,0.26932707223701796,7.320140040499168,8.394026095300775
0.9494949494949496,0.88,0,NA,1,0.9494949494949496,0.88,8.114360955684404,0.256594009166542,7.281804526051241,8.448984796431693
0.9595959595959597,-0.89,0,NA,1,0.9595959595959597,-0.89,7.88937028787153,0.44571534226125886,7.159929219736284,8.385191937265903
0.9595959595959597,0,0,NA,1,0.9595959595959597,0,8.038989042425044,0.26738496150384045,7.321006551159965,8.395885115611856
0.9595959595959597,0.88,0,NA,1,0.9595959595959597,0.88,8.116337533224586,0.25574482715533414,7.2812026331230895,8.450110309129727
0.9696969696969697,-0.89,0,NA,1,0.9696969696969697,-0.89,7.895714821834163,0.4438231525771564,7.160248660678853,8.387449051303717
0.9696969696969697,0,0,NA,1,0.9696969696969697,0,8.042893266063308,0.2657019826842332,7.321751548356232,8.397484877366852
0.9696969696969697,0.88,0,NA,1,0.9696969696969697,0.88,8.118358804717213,0.2548609761838474,7.281048177878082,8.45093031197624
0.9797979797979799,-0.89,0,NA,1,0.9797979797979799,-0.89,7.902514402171228,0.4411476104588408,7.160490116085378,8.389079742988004
0.9797979797979799,0,0,NA,1,0.9797979797979799,0,8.04645147237614,0.2639630702433916,7.321894801328107,8.399479484044287
0.9797979797979799,0.88,0,NA,1,0.9797979797979799,0.88,8.120456226160345,0.2538080624772362,7.280027539306558,8.45141125779068
0.98989898989899,-0.89,0,NA,1,0.98989898989899,-0.89,7.909426224338548,0.4382893228529185,7.160737570467299,8.390820950474135
0.98989898989899,0,0,NA,1,0.98989898989899,0,8.050404169619453,0.2621806714877963,7.322874155958465,8.400855745170308
0.98989898989899,0.88,0,NA,1,0.98989898989899,0.88,8.122313246273507,0.25276172531983676,7.279369748074491,8.452327683346613
1,-0.89,0,NA,1,1,-0.89,7.915843081405264,0.43520715255243386,7.160808226559298,8.392465690083231
1,0,0,NA,1,1,0,8.054558821026019,0.259853116743248,7.32425625385197,8.402649129940443
1,0.88,0,NA,1,1,0.88,8.12428879028569,0.25159697342439347,7.278595966229068,8.453085667460767
