acc,COND,conf,lineup,cond__,effect1__,effect2__,estimate__,se__,lower__,upper__
0,absent_no warning,0,NA,1,0,absent_no warning,7.361507736185761,0.28060251583118634,6.851488416133871,7.866465585565766
0,absent_warning,0,NA,1,0,absent_warning,7.22805744722187,0.3049169853583511,6.6789891256861615,7.84102299698661
0,present_no warning,0,NA,1,0,present_no warning,7.393991708128215,0.345173144401415,6.783914895839946,7.9819057499947865
0,present_warning,0,NA,1,0,present_warning,7.051074864292753,0.2773135773077543,6.495371949784443,7.646497520016729
0.010101010101010102,absent_no warning,0,NA,1,0.010101010101010102,absent_no warning,7.36703800064798,0.2802887413967178,6.855986904000551,7.869349526433632
0.010101010101010102,absent_warning,0,NA,1,0.010101010101010102,absent_warning,7.231286749118899,0.3051964644623186,6.6803644337925245,7.843980065363486
0.010101010101010102,present_no warning,0,NA,1,0.010101010101010102,present_no warning,7.401945657936973,0.3447201225243356,6.789521521811532,7.9858177924887155
0.010101010101010102,present_warning,0,NA,1,0.010101010101010102,present_warning,7.055616835175268,0.27756687127195545,6.499802377356788,7.652793224222679
0.020202020202020204,absent_no warning,0,NA,1,0.020202020202020204,absent_no warning,7.372351210288636,0.2807309012436341,6.859454500518402,7.870998967809668
0.020202020202020204,absent_warning,0,NA,1,0.020202020202020204,absent_warning,7.234028724196023,0.3063105968514841,6.6814180899612055,7.847719925447742
0.020202020202020204,present_no warning,0,NA,1,0.020202020202020204,present_no warning,7.408617774374397,0.34420123425970495,6.794448951895345,7.98774487932291
0.020202020202020204,present_warning,0,NA,1,0.020202020202020204,present_warning,7.060207958439179,0.2784424458540599,6.50468357619283,7.660458423439807
0.030303030303030304,absent_no warning,0,NA,1,0.030303030303030304,absent_no warning,7.377925879100705,0.28092054023601365,6.863177121335186,7.875154232803461
0.030303030303030304,absent_warning,0,NA,1,0.030303030303030304,absent_warning,7.236750816121159,0.30777246210256193,6.68314670697181,7.851355080864694
0.030303030303030304,present_no warning,0,NA,1,0.030303030303030304,present_no warning,7.416010196967302,0.3430959389189846,6.8004159768752706,7.991457652563311
0.030303030303030304,present_warning,0,NA,1,0.030303030303030304,present_warning,7.0653387305055055,0.2794137076747565,6.5092779699877354,7.668541166395935
0.04040404040404041,absent_no warning,0,NA,1,0.04040404040404041,absent_no warning,7.3838905019211545,0.28079360667060765,6.8680293359295534,7.878446713138902
0.04040404040404041,absent_warning,0,NA,1,0.04040404040404041,absent_warning,7.240076682573403,0.30877106846301344,6.685458115810956,7.853822728525413
0.04040404040404041,present_no warning,0,NA,1,0.04040404040404041,present_no warning,7.42349580681676,0.34160269599211945,6.806516263986206,7.994342197209485
0.04040404040404041,present_warning,0,NA,1,0.04040404040404041,present_warning,7.070573517584149,0.2804466439784114,6.513107765989626,7.677265891914497
0.05050505050505051,absent_no warning,0,NA,1,0.05050505050505051,absent_no warning,7.3893603558016,0.280450583462395,6.871757681007528,7.881617812139537
0.05050505050505051,absent_warning,0,NA,1,0.05050505050505051,absent_warning,7.2429731789644,0.3101224234164002,6.686918393882892,7.85812408466761
0.05050505050505051,present_no warning,0,NA,1,0.05050505050505051,present_no warning,7.431112034217939,0.3413253202887087,6.811581637140646,7.99712582636356
0.05050505050505051,present_warning,0,NA,1,0.05050505050505051,present_warning,7.075806004875571,0.28107739348483707,6.518029187444729,7.683371843111734
0.06060606060606061,absent_no warning,0,NA,1,0.06060606060606061,absent_no warning,7.394266371952204,0.2800644862908212,6.875442549437849,7.884300952744456
0.06060606060606061,absent_warning,0,NA,1,0.06060606060606061,absent_warning,7.245879329084515,0.31103239277887235,6.688447992972039,7.861709261748017
0.06060606060606061,present_no warning,0,NA,1,0.06060606060606061,present_no warning,7.438941716548392,0.34039252615392795,6.8188051884788194,8.000757839104327
0.06060606060606061,present_warning,0,NA,1,0.06060606060606061,present_warning,7.081338432404088,0.28169609662288553,6.521006213397414,7.690830845082422
0.07070707070707072,absent_no warning,0,NA,1,0.07070707070707072,absent_no warning,7.399559487284623,0.27996810313261716,6.879582195720775,7.889389587141673
0.07070707070707072,absent_warning,0,NA,1,0.07070707070707072,absent_warning,7.2492737520646635,0.31269430363775114,6.689746941750564,7.863413402543518
0.07070707070707072,present_no warning,0,NA,1,0.07070707070707072,present_no warning,7.446055858660298,0.33906515384517566,6.823970887217329,8.004252566980705
0.07070707070707072,present_warning,0,NA,1,0.07070707070707072,present_warning,7.087505231826845,0.2823103977115818,6.525957769056802,7.697295604376552
0.08080808080808081,absent_no warning,0,NA,1,0.08080808080808081,absent_no warning,7.405318322647441,0.2809704445889518,6.882420968029472,7.893365366367076
0.08080808080808081,absent_warning,0,NA,1,0.08080808080808081,absent_warning,7.251501700607335,0.3141230975990326,6.692795004372232,7.8667766411678945
0.08080808080808081,present_no warning,0,NA,1,0.08080808080808081,present_no warning,7.453702057539736,0.33831761609833194,6.830121344462348,8.007489461544928
0.08080808080808081,present_warning,0,NA,1,0.08080808080808081,present_warning,7.093195354379237,0.2830713299714471,6.530061061320946,7.7039154361107265
0.09090909090909091,absent_no warning,0,NA,1,0.09090909090909091,absent_no warning,7.410903884841291,0.28209409287356596,6.88482215709463,7.8968942801126945
0.09090909090909091,absent_warning,0,NA,1,0.09090909090909091,absent_warning,7.254689411172393,0.3155620311941969,6.695454942211976,7.87052908986186
0.09090909090909091,present_no warning,0,NA,1,0.09090909090909091,present_no warning,7.4617889628048495,0.33717872643966645,6.834153073604391,8.011164820089766
0.09090909090909091,present_warning,0,NA,1,0.09090909090909091,present_warning,7.0989602850196425,0.28465345306011014,6.535174806422599,7.712395372967123
0.10101010101010102,absent_no warning,0,NA,1,0.10101010101010102,absent_no warning,7.416934035150873,0.2823988791206979,6.88869192822892,7.90081752660056
0.10101010101010102,absent_warning,0,NA,1,0.10101010101010102,absent_warning,7.258102200392459,0.31668516223872045,6.696626950108053,7.875398634726313
0.10101010101010102,present_no warning,0,NA,1,0.10101010101010102,present_no warning,7.468643897929841,0.33604767846781014,6.841800758505552,8.013256134029694
0.10101010101010102,present_warning,0,NA,1,0.10101010101010102,present_warning,7.105356083917632,0.28643045835559966,6.540788699799028,7.721112823858325
0.11111111111111112,absent_no warning,0,NA,1,0.11111111111111112,absent_no warning,7.4225491491039275,0.28279592507206147,6.892244082928954,7.90456463934542
0.11111111111111112,absent_warning,0,NA,1,0.11111111111111112,absent_warning,7.2604198996325735,0.3184646316910258,6.6986079029434284,7.878701715725788
0.11111111111111112,present_no warning,0,NA,1,0.11111111111111112,present_no warning,7.476025858546125,0.3346361246323852,6.845818686231649,8.016745353992992
0.11111111111111112,present_warning,0,NA,1,0.11111111111111112,present_warning,7.112149922441727,0.2880845512163437,6.546820790690086,7.730964230858734
0.12121212121212122,absent_no warning,0,NA,1,0.12121212121212122,absent_no warning,7.428463626317193,0.28336864488274693,6.896806036717266,7.908394269195415
0.12121212121212122,absent_warning,0,NA,1,0.12121212121212122,absent_warning,7.26390404338494,0.3195129083275629,6.700266275359012,7.882786985250384
0.12121212121212122,present_no warning,0,NA,1,0.12121212121212122,present_no warning,7.483087179952257,0.33383192668692924,6.850018044671138,8.020763981527098
0.12121212121212122,present_warning,0,NA,1,0.12121212121212122,present_warning,7.11833714540232,0.28977679219042546,6.552123076938426,7.738909753178038
0.13131313131313133,absent_no warning,0,NA,1,0.13131313131313133,absent_no warning,7.433252213140089,0.2833134468952887,6.900914366256797,7.912588743877665
0.13131313131313133,absent_warning,0,NA,1,0.13131313131313133,absent_warning,7.267013046549991,0.32195493041292866,6.701988186984813,7.887183769880347
0.13131313131313133,present_no warning,0,NA,1,0.13131313131313133,present_no warning,7.4896294489093815,0.33288608606760034,6.854728790575847,8.023668285102104
0.13131313131313133,present_warning,0,NA,1,0.13131313131313133,present_warning,7.124490976752817,0.2911808293696518,6.5579798500497315,7.748178241838173
0.14141414141414144,absent_no warning,0,NA,1,0.14141414141414144,absent_no warning,7.438534892513527,0.28426653913860384,6.904083686672023,7.917148902590406
0.14141414141414144,absent_warning,0,NA,1,0.14141414141414144,absent_warning,7.27019448857904,0.324030619875727,6.703232515893401,7.892282893565036
0.14141414141414144,present_no warning,0,NA,1,0.14141414141414144,present_no warning,7.497112134864133,0.3320634854673691,6.858765263196711,8.027621410531305
0.14141414141414144,present_warning,0,NA,1,0.14141414141414144,present_warning,7.1308021103936365,0.29268333958603404,6.563195828046321,7.757575115566803
0.15151515151515152,absent_no warning,0,NA,1,0.15151515151515152,absent_no warning,7.443903374258414,0.28402259508030125,6.907435965882564,7.921791558391425
0.15151515151515152,absent_warning,0,NA,1,0.15151515151515152,absent_warning,7.272644980850622,0.32570721312944906,6.703756333982311,7.896030721005113
0.15151515151515152,present_no warning,0,NA,1,0.15151515151515152,present_no warning,7.504110379912141,0.33057844749420584,6.863692252229714,8.032829213025643
0.15151515151515152,present_warning,0,NA,1,0.15151515151515152,present_warning,7.137166680302659,0.29390382516828056,6.566524656175443,7.766671544651509
0.16161616161616163,absent_no warning,0,NA,1,0.16161616161616163,absent_no warning,7.449098869051105,0.2844825771921342,6.910765446968679,7.925972232616451
0.16161616161616163,absent_warning,0,NA,1,0.16161616161616163,absent_warning,7.276188761580611,0.32786055810639564,6.704212824814177,7.900658385920457
0.16161616161616163,present_no warning,0,NA,1,0.16161616161616163,present_no warning,7.511465796747144,0.32850310537241295,6.8691879802086415,8.037449037436458
0.16161616161616163,present_warning,0,NA,1,0.16161616161616163,present_warning,7.143828101497723,0.2955723197507883,6.570150394607669,7.775311666471528
0.17171717171717174,absent_no warning,0,NA,1,0.17171717171717174,absent_no warning,7.45429668269352,0.28464430380671474,6.9136540295990025,7.931313784906822
0.17171717171717174,absent_warning,0,NA,1,0.17171717171717174,absent_warning,7.278777020776604,0.33025990972477365,6.705340366294146,7.904407165840468
0.17171717171717174,present_no warning,0,NA,1,0.17171717171717174,present_no warning,7.5181775115674085,0.32694712034342033,6.873015499700465,8.040896633208977
0.17171717171717174,present_warning,0,NA,1,0.17171717171717174,present_warning,7.150873187917357,0.2974930953641376,6.574429702039774,7.785357539975849
0.18181818181818182,absent_no warning,0,NA,1,0.18181818181818182,absent_no warning,7.459662084583771,0.2849626958305081,6.916160432641007,7.935369184363873
0.18181818181818182,absent_warning,0,NA,1,0.18181818181818182,absent_warning,7.281394023365148,0.33201022017622345,6.705911828231064,7.909295861760285
0.18181818181818182,present_no warning,0,NA,1,0.18181818181818182,present_no warning,7.52490024833649,0.3256547412698225,6.879515421710142,8.045743329522862
0.18181818181818182,present_warning,0,NA,1,0.18181818181818182,present_warning,7.157886844525893,0.29928551754559163,6.580432677399989,7.795817360086071
0.19191919191919193,absent_no warning,0,NA,1,0.19191919191919193,absent_no warning,7.465014963306221,0.28528564286710517,6.919672630158003,7.939053951733378
0.19191919191919193,absent_warning,0,NA,1,0.19191919191919193,absent_warning,7.284092133159059,0.3338311705928336,6.70629565312967,7.91596304527469
0.19191919191919193,present_no warning,0,NA,1,0.19191919191919193,present_no warning,7.53140046729955,0.3240629588989265,6.886488367215242,8.049391958836758
0.19191919191919193,present_warning,0,NA,1,0.19191919191919193,present_warning,7.164761008279667,0.3016976514606118,6.586671805765502,7.806954480207888
0.20202020202020204,absent_no warning,0,NA,1,0.20202020202020204,absent_no warning,7.470527098440039,0.2854661579157294,6.9216349559961055,7.943086275931508
0.20202020202020204,absent_warning,0,NA,1,0.20202020202020204,absent_warning,7.287402352091481,0.33615049172436184,6.706312957693063,7.920940327266556
0.20202020202020204,present_no warning,0,NA,1,0.20202020202020204,present_no warning,7.5379370216391415,0.3225524649252873,6.891614158759779,8.053402914208831
0.20202020202020204,present_warning,0,NA,1,0.20202020202020204,present_warning,7.171508044136298,0.3036970473606228,6.591712580374928,7.817777409983348
0.21212121212121213,absent_no warning,0,NA,1,0.21212121212121213,absent_no warning,7.47587414861371,0.28619396232376754,6.923921415586437,7.9495780931791105
0.21212121212121213,absent_warning,0,NA,1,0.21212121212121213,absent_warning,7.290047628864059,0.337818401152515,6.707653366307082,7.924229017216043
0.21212121212121213,present_no warning,0,NA,1,0.21212121212121213,present_no warning,7.545162299250572,0.32084318179336296,6.8982179015836085,8.057418029547184
0.21212121212121213,present_warning,0,NA,1,0.21212121212121213,present_warning,7.179040426997075,0.30647308743551116,6.5976336342870825,7.826365130367918
0.22222222222222224,absent_no warning,0,NA,1,0.22222222222222224,absent_no warning,7.481423632953103,0.2866279994346257,6.925467660331198,7.954599040331693
0.22222222222222224,absent_warning,0,NA,1,0.22222222222222224,absent_warning,7.292871911246983,0.33980439876513946,6.709481320869944,7.92936313573546
0.22222222222222224,present_no warning,0,NA,1,0.22222222222222224,present_no warning,7.552141657154281,0.3193494788697876,6.902715996206688,8.061540314898872
0.22222222222222224,present_warning,0,NA,1,0.22222222222222224,present_warning,7.186006133123858,0.3090544925703428,6.602003657124625,7.835059936110781
0.23232323232323235,absent_no warning,0,NA,1,0.23232323232323235,absent_no warning,7.486635962266784,0.28647827464907033,6.928039999419241,7.959264810661769
0.23232323232323235,absent_warning,0,NA,1,0.23232323232323235,absent_warning,7.295678710881951,0.3416467193047423,6.710342055777988,7.935086840135138
0.23232323232323235,present_no warning,0,NA,1,0.23232323232323235,present_no warning,7.559038287064315,0.3182225680443228,6.9087075116684575,8.066194634159888
0.23232323232323235,present_warning,0,NA,1,0.23232323232323235,present_warning,7.1932273224198,0.31256299902408846,6.607497538892544,7.845672600370454
0.24242424242424243,absent_no warning,0,NA,1,0.24242424242424243,absent_no warning,7.4917482092999625,0.2865289028330248,6.931445798652756,7.963675862661111
0.24242424242424243,absent_warning,0,NA,1,0.24242424242424243,absent_warning,7.29855940114215,0.343760441291008,6.711724662222992,7.941361543765541
0.24242424242424243,present_no warning,0,NA,1,0.24242424242424243,present_no warning,7.564681902881038,0.3173718025081579,6.91269086187672,8.070768687449231
0.24242424242424243,present_warning,0,NA,1,0.24242424242424243,present_warning,7.200469040190939,0.3146726572779858,6.61184001547026,7.856174997275025
0.25252525252525254,absent_no warning,0,NA,1,0.25252525252525254,absent_no warning,7.4964506817281595,0.28656390608288174,6.933267246737319,7.9677447069122245
0.25252525252525254,absent_warning,0,NA,1,0.25252525252525254,absent_warning,7.301566455805224,0.34570193464917864,6.7107689030791295,7.946498584023313
0.25252525252525254,present_no warning,0,NA,1,0.25252525252525254,present_no warning,7.570639019114019,0.31688526222715285,6.918394244876582,8.07406666347009
0.25252525252525254,present_warning,0,NA,1,0.25252525252525254,present_warning,7.208523919258498,0.31693197241556037,6.616589778089643,7.864402513232125
0.26262626262626265,absent_no warning,0,NA,1,0.26262626262626265,absent_no warning,7.501665922715142,0.2880758421604734,6.935916528534598,7.972130782616069
0.26262626262626265,absent_warning,0,NA,1,0.26262626262626265,absent_warning,7.304111251083627,0.34794172791058553,6.71086930789135,7.951333352772717
0.26262626262626265,present_no warning,0,NA,1,0.26262626262626265,present_no warning,7.576973374568695,0.31573555096788414,6.924181020452728,8.07736203367384
0.26262626262626265,present_warning,0,NA,1,0.26262626262626265,present_warning,7.216471254562984,0.31981798963897307,6.621322593295587,7.874004859684883
0.27272727272727276,absent_no warning,0,NA,1,0.27272727272727276,absent_no warning,7.5068444849090685,0.288002528840879,6.937779934573431,7.9762546237038645
0.27272727272727276,absent_warning,0,NA,1,0.27272727272727276,absent_warning,7.307024479900656,0.35016706335185177,6.70934705356282,7.956600273205166
0.27272727272727276,present_no warning,0,NA,1,0.27272727272727276,present_no warning,7.583032500547418,0.3139661813432719,6.928437004271408,8.080921058630883
0.27272727272727276,present_warning,0,NA,1,0.27272727272727276,present_warning,7.224936609850715,0.32301830691551137,6.6267036165394115,7.883887242250391
0.2828282828282829,absent_no warning,0,NA,1,0.2828282828282829,absent_no warning,7.511670464237948,0.28868890335767866,6.94086235241377,7.9810471848362985
0.2828282828282829,absent_warning,0,NA,1,0.2828282828282829,absent_warning,7.310396189398622,0.35187878195406647,6.7092883760843085,7.9607564829564215
0.2828282828282829,present_no warning,0,NA,1,0.2828282828282829,present_no warning,7.588537601301709,0.3131667049881867,6.932965355143446,8.08497999213366
0.2828282828282829,present_warning,0,NA,1,0.2828282828282829,present_warning,7.233096863936273,0.32665508405075616,6.632055944910767,7.89244139620714
0.29292929292929293,absent_no warning,0,NA,1,0.29292929292929293,absent_no warning,7.5162889032126525,0.28879344644970373,6.944713614251098,7.985786795359004
0.29292929292929293,absent_warning,0,NA,1,0.29292929292929293,absent_warning,7.3132438240200734,0.3539366484784363,6.709877531659764,7.9666623047568565
0.29292929292929293,present_no warning,0,NA,1,0.29292929292929293,present_no warning,7.594924542515539,0.31112037904056294,6.937137688971527,8.0893664488286
0.29292929292929293,present_warning,0,NA,1,0.29292929292929293,present_warning,7.2409741083210974,0.32987968192291733,6.637088031463221,7.901620141292272
0.30303030303030304,absent_no warning,0,NA,1,0.30303030303030304,absent_no warning,7.521202662907492,0.28942736146892745,6.946625732656614,7.989872038104338
0.30303030303030304,absent_warning,0,NA,1,0.30303030303030304,absent_warning,7.3159641744178785,0.3556447399019515,6.710520412484434,7.974032191878114
0.30303030303030304,present_no warning,0,NA,1,0.30303030303030304,present_no warning,7.6010604830245665,0.3100954760799361,6.939980839235982,8.093996834883063
0.30303030303030304,present_warning,0,NA,1,0.30303030303030304,present_warning,7.249320032070008,0.33277006881044074,6.6429289438704515,7.910501921099087
0.31313131313131315,absent_no warning,0,NA,1,0.31313131313131315,absent_no warning,7.526211682680157,0.2900065887900028,6.949610159536657,7.995322246268282
0.31313131313131315,absent_warning,0,NA,1,0.31313131313131315,absent_warning,7.319003218301619,0.357604598353966,6.7110305226028695,7.979857035579559
0.31313131313131315,present_no warning,0,NA,1,0.31313131313131315,present_no warning,7.606178585171691,0.30882847781330564,6.9431266362649335,8.098235515002012
0.31313131313131315,present_warning,0,NA,1,0.31313131313131315,present_warning,7.257585757369269,0.33556079966273733,6.648912178365951,7.919863123110505
0.32323232323232326,absent_no warning,0,NA,1,0.32323232323232326,absent_no warning,7.531295616964736,0.2905636674527183,6.951878030698482,7.998935273570939
0.32323232323232326,absent_warning,0,NA,1,0.32323232323232326,absent_warning,7.322451594315041,0.3594355683019865,6.710409598506514,7.983429093844426
0.32323232323232326,present_no warning,0,NA,1,0.32323232323232326,present_no warning,7.611604473123364,0.30697229924713393,6.9457242709789275,8.103202244146807
0.32323232323232326,present_warning,0,NA,1,0.32323232323232326,present_warning,7.2658432926009135,0.3389609137599688,6.655500304421127,7.930630525678132
0.33333333333333337,absent_no warning,0,NA,1,0.33333333333333337,absent_no warning,7.536719436971925,0.29076520352647095,6.953901555296756,8.00328919335855
0.33333333333333337,absent_warning,0,NA,1,0.33333333333333337,absent_warning,7.325340150723438,0.3619531961028448,6.710124702790411,7.987103949002486
0.33333333333333337,present_no warning,0,NA,1,0.33333333333333337,present_no warning,7.617678683720668,0.30495881379654294,6.9498242168883335,8.106833255338266
0.33333333333333337,present_warning,0,NA,1,0.33333333333333337,present_warning,7.274535410981551,0.34098231405878715,6.661021011250617,7.940455085148079
0.3434343434343435,absent_no warning,0,NA,1,0.3434343434343435,absent_no warning,7.541393484255821,0.2906048232638093,6.954968471471531,8.00765294013832
0.3434343434343435,absent_warning,0,NA,1,0.3434343434343435,absent_warning,7.328034846386901,0.3638456000198378,6.710297617004484,7.991687436390436
0.3434343434343435,present_no warning,0,NA,1,0.3434343434343435,present_no warning,7.622652711474206,0.30383591364223306,6.953921518099682,8.11027009143247
0.3434343434343435,present_warning,0,NA,1,0.3434343434343435,present_warning,7.283927799811244,0.3441153243353683,6.665531118756078,7.949765857892308
0.3535353535353536,absent_no warning,0,NA,1,0.3535353535353536,absent_no warning,7.546314698123313,0.2905884258543755,6.95706278041288,8.0125621322127
0.3535353535353536,absent_warning,0,NA,1,0.3535353535353536,absent_warning,7.330942228231551,0.36613435438409375,6.710928550492247,7.995183219586761
0.3535353535353536,present_no warning,0,NA,1,0.3535353535353536,present_no warning,7.627849174181249,0.30246874984883093,6.957367295574488,8.113639183801219
0.3535353535353536,present_warning,0,NA,1,0.3535353535353536,present_warning,7.292822818809745,0.3474136653324524,6.669097349096501,7.957114003908691
0.36363636363636365,absent_no warning,0,NA,1,0.36363636363636365,absent_no warning,7.551324303368794,0.2905238380459227,6.958925218704765,8.017225003760652
0.36363636363636365,absent_warning,0,NA,1,0.36363636363636365,absent_warning,7.33346710095506,0.36818168805439216,6.710675852738025,7.99918052645673
0.36363636363636365,present_no warning,0,NA,1,0.36363636363636365,present_no warning,7.633652608679261,0.30073604280446653,6.961384734336828,8.117258813452588
0.36363636363636365,present_warning,0,NA,1,0.36363636363636365,present_warning,7.301967251037834,0.3497471371886768,6.6735908041455865,7.966102580634428
0.37373737373737376,absent_no warning,0,NA,1,0.37373737373737376,absent_no warning,7.556162196901517,0.2905924035250435,6.961422633494466,8.023129340885387
0.37373737373737376,absent_warning,0,NA,1,0.37373737373737376,absent_warning,7.336667790048457,0.3702761874875804,6.710783367050006,8.003508859508369
0.37373737373737376,present_no warning,0,NA,1,0.37373737373737376,present_no warning,7.639104505301575,0.30021622592569297,6.966103670721307,8.120546498013598
0.37373737373737376,present_warning,0,NA,1,0.37373737373737376,present_warning,7.310867696210287,0.3521794463345649,6.679004341374168,7.974816424685567
0.38383838383838387,absent_no warning,0,NA,1,0.38383838383838387,absent_no warning,7.560764678940436,0.29093612856409906,6.962712667068695,8.027180632150413
0.38383838383838387,absent_warning,0,NA,1,0.38383838383838387,absent_warning,7.339587618520945,0.3728026520564949,6.710103741281138,8.007874943244724
0.38383838383838387,present_no warning,0,NA,1,0.38383838383838387,present_no warning,7.644300210487351,0.2995811941739193,6.971286359369923,8.123690920631441
0.38383838383838387,present_warning,0,NA,1,0.38383838383838387,present_warning,7.320342529083948,0.3555125463010231,6.681305430585682,7.981808285173575
0.393939393939394,absent_no warning,0,NA,1,0.393939393939394,absent_no warning,7.565284997952157,0.2907278404729443,6.964209120181287,8.032498661858284
0.393939393939394,absent_warning,0,NA,1,0.393939393939394,absent_warning,7.342439372612901,0.3744392566831497,6.709743825387696,8.013138415850248
0.393939393939394,present_no warning,0,NA,1,0.393939393939394,present_no warning,7.648892787525154,0.29903962406681905,6.974015129278287,8.128120535214
0.393939393939394,present_warning,0,NA,1,0.393939393939394,present_warning,7.329073395458165,0.35792231354253073,6.685918000689294,7.990399533139193
0.4040404040404041,absent_no warning,0,NA,1,0.4040404040404041,absent_no warning,7.5701231870651995,0.29109360026754905,6.966722484182274,8.037543141356721
0.4040404040404041,absent_warning,0,NA,1,0.4040404040404041,absent_warning,7.345566619544244,0.37680275138310554,6.7101072846118015,8.016943469224653
0.4040404040404041,present_no warning,0,NA,1,0.4040404040404041,present_no warning,7.653834461488874,0.2979315910963214,6.978241361233652,8.13185973477163
0.4040404040404041,present_warning,0,NA,1,0.4040404040404041,present_warning,7.337935250155137,0.36043785535705586,6.69024574559611,7.99901363281329
0.4141414141414142,absent_no warning,0,NA,1,0.4141414141414142,absent_no warning,7.574890349882054,0.29074982015930956,6.968379748291786,8.04211714409181
0.4141414141414142,absent_warning,0,NA,1,0.4141414141414142,absent_warning,7.347900552981704,0.37947811460387765,6.70977692004354,8.020785126583835
0.4141414141414142,present_no warning,0,NA,1,0.4141414141414142,present_no warning,7.658859132948411,0.29690654767821145,6.983365528172232,8.134560709609659
0.4141414141414142,present_warning,0,NA,1,0.4141414141414142,present_warning,7.346969147233832,0.3627323797142531,6.695289291684703,8.0072293300073
0.42424242424242425,absent_no warning,0,NA,1,0.42424242424242425,absent_no warning,7.579834509070622,0.291035951705629,6.970088521102385,8.046501288735739
0.42424242424242425,absent_warning,0,NA,1,0.42424242424242425,absent_warning,7.351052528116826,0.38148125373477726,6.710394709205185,8.024471346666846
0.42424242424242425,present_no warning,0,NA,1,0.42424242424242425,present_no warning,7.664579555506865,0.29600093983552556,6.986922144591882,8.137550632497302
0.42424242424242425,present_warning,0,NA,1,0.42424242424242425,present_warning,7.356736312182788,0.36486781721404377,6.6995563818280495,8.01468104596173
0.43434343434343436,absent_no warning,0,NA,1,0.43434343434343436,absent_no warning,7.58455721940531,0.29085510259201985,6.971185144796449,8.050804065830997
0.43434343434343436,absent_warning,0,NA,1,0.43434343434343436,absent_warning,7.354742401024977,0.3836792052596677,6.709457659651541,8.029086764351737
0.43434343434343436,present_no warning,0,NA,1,0.43434343434343436,present_no warning,7.669354974898313,0.29493877731458307,6.991194187976911,8.141618401417071
0.43434343434343436,present_warning,0,NA,1,0.43434343434343436,present_warning,7.366056806936299,0.36693275696863026,6.704686626451216,8.022477034227157
0.4444444444444445,absent_no warning,0,NA,1,0.4444444444444445,absent_no warning,7.5885742180250695,0.2908787070613508,6.972656426206206,8.055541396729767
0.4444444444444445,absent_warning,0,NA,1,0.4444444444444445,absent_warning,7.357157420701185,0.3860493080879442,6.709314600123988,8.033107510718795
0.4444444444444445,present_no warning,0,NA,1,0.4444444444444445,present_no warning,7.6743972787130215,0.29444581179414914,6.994747295498029,8.144949418174708
0.4444444444444445,present_warning,0,NA,1,0.4444444444444445,present_warning,7.374753126692831,0.36921856250998314,6.709230811048132,8.031418164737236
0.4545454545454546,absent_no warning,0,NA,1,0.4545454545454546,absent_no warning,7.5935710199958795,0.2907332290371473,6.9747823171680645,8.060155424926954
0.4545454545454546,absent_warning,0,NA,1,0.4545454545454546,absent_warning,7.360440876279554,0.3882522896352359,6.7090159053927225,8.037023606546937
0.4545454545454546,present_no warning,0,NA,1,0.4545454545454546,present_no warning,7.678754561249129,0.2932935986151933,6.998992848597183,8.148669439134842
0.4545454545454546,present_warning,0,NA,1,0.4545454545454546,present_warning,7.384505432038582,0.3718275892002364,6.7133566110884795,8.037955565016127
0.4646464646464647,absent_no warning,0,NA,1,0.4646464646464647,absent_no warning,7.597869860947899,0.29097410107399474,6.9759454640296825,8.064964584686706
0.4646464646464647,absent_warning,0,NA,1,0.4646464646464647,absent_warning,7.3634109665066845,0.3898868073437218,6.708706905463216,8.040792960077896
0.4646464646464647,present_no warning,0,NA,1,0.4646464646464647,present_no warning,7.6832498373602025,0.29234534301934123,7.000784379644433,8.154224158357607
0.4646464646464647,present_warning,0,NA,1,0.4646464646464647,present_warning,7.393838448782558,0.37351555771714195,6.716117414688933,8.045008514230181
0.4747474747474748,absent_no warning,0,NA,1,0.4747474747474748,absent_no warning,7.602178816905135,0.29129486362145735,6.977640961356401,8.069939514236436
0.4747474747474748,absent_warning,0,NA,1,0.4747474747474748,absent_warning,7.366940854873938,0.3919088511368534,6.708738773681888,8.044255494640941
0.4747474747474748,present_no warning,0,NA,1,0.4747474747474748,present_no warning,7.68802737760217,0.2913813112084076,7.00465124498329,8.15719432915488
0.4747474747474748,present_warning,0,NA,1,0.4747474747474748,present_warning,7.404173945815014,0.37573630822030335,6.721517121056184,8.052622565976852
0.48484848484848486,absent_no warning,0,NA,1,0.48484848484848486,absent_no warning,7.606256530988782,0.29177557765913636,6.97883366845999,8.073050557318
0.48484848484848486,absent_warning,0,NA,1,0.48484848484848486,absent_warning,7.36995790002657,0.39395994812129304,6.708311388245795,8.048113664187836
0.48484848484848486,present_no warning,0,NA,1,0.48484848484848486,present_no warning,7.692504394409317,0.29082784523134,7.0092662610669985,8.16087756557992
0.48484848484848486,present_warning,0,NA,1,0.48484848484848486,present_warning,7.414030524800191,0.37722007064161,6.725161505010883,8.060605944558702
0.494949494949495,absent_no warning,0,NA,1,0.494949494949495,absent_no warning,7.610359657066212,0.29203930428292396,6.980228732619476,8.078468891693564
0.494949494949495,absent_warning,0,NA,1,0.494949494949495,absent_warning,7.372272346707854,0.39651063255412067,6.708579342000849,8.05214626307014
0.494949494949495,present_no warning,0,NA,1,0.494949494949495,present_no warning,7.6970823703588325,0.28945176941198547,7.012394265534884,8.163629603099059
0.494949494949495,present_warning,0,NA,1,0.494949494949495,present_warning,7.423018022152233,0.3783718543651726,6.728680792387351,8.067984320449858
0.5050505050505051,absent_no warning,0,NA,1,0.5050505050505051,absent_no warning,7.613912210697716,0.2926530399006218,6.98231367143044,8.081842783001315
0.5050505050505051,absent_warning,0,NA,1,0.5050505050505051,absent_warning,7.375331723999921,0.39904290158093886,6.706861605417773,8.056643918042067
0.5050505050505051,present_no warning,0,NA,1,0.5050505050505051,present_no warning,7.701454276835692,0.2884493392314803,7.0160050532621705,8.166652554846824
0.5050505050505051,present_warning,0,NA,1,0.5050505050505051,present_warning,7.43265032107602,0.3795662023244732,6.7333432923868335,8.073336220886755
0.5151515151515152,absent_no warning,0,NA,1,0.5151515151515152,absent_no warning,7.617598049717229,0.2926900209807248,6.983977235823063,8.085640699372727
0.5151515151515152,absent_warning,0,NA,1,0.5151515151515152,absent_warning,7.378745969206548,0.4014342815894165,6.707818647145255,8.060802397538462
0.5151515151515152,present_no warning,0,NA,1,0.5151515151515152,present_no warning,7.704919060495598,0.2882163459497991,7.021630133119755,8.170683361026605
0.5151515151515152,present_warning,0,NA,1,0.5151515151515152,present_warning,7.442576622819005,0.3809749410543179,6.7391560239496044,8.079270058079521
0.5252525252525253,absent_no warning,0,NA,1,0.5252525252525253,absent_no warning,7.621420331984305,0.29232290162256624,6.985378319989863,8.089429836045838
0.5252525252525253,absent_warning,0,NA,1,0.5252525252525253,absent_warning,7.381492787317853,0.4032998746574418,6.707115734188818,8.063922571203948
0.5252525252525253,present_no warning,0,NA,1,0.5252525252525253,present_no warning,7.709059204470522,0.2870915155920642,7.0258276777551005,8.173491358852326
0.5252525252525253,present_warning,0,NA,1,0.5252525252525253,present_warning,7.45183341245827,0.3822776909462034,6.742637064287492,8.08612609813913
0.5353535353535354,absent_no warning,0,NA,1,0.5353535353535354,absent_no warning,7.625025631219245,0.2925369972408072,6.985856778837258,8.093705446624671
0.5353535353535354,absent_warning,0,NA,1,0.5353535353535354,absent_warning,7.384464472564917,0.4051689567248535,6.704951932885667,8.067831396397127
0.5353535353535354,present_no warning,0,NA,1,0.5353535353535354,present_no warning,7.713357111275214,0.2864725916317156,7.02940592615856,8.177143144920644
0.5353535353535354,present_warning,0,NA,1,0.5353535353535354,present_warning,7.461149842060885,0.3830364845281502,6.747120804126438,8.092285426561853
0.5454545454545455,absent_no warning,0,NA,1,0.5454545454545455,absent_no warning,7.628584802954513,0.29253870954420946,6.986918410552997,8.096936962554281
0.5454545454545455,absent_warning,0,NA,1,0.5454545454545455,absent_warning,7.387443675034605,0.40728007327078264,6.7046706586270925,8.070999327272395
0.5454545454545455,present_no warning,0,NA,1,0.5454545454545455,present_no warning,7.717404357659218,0.2861653345274405,7.032951353550921,8.181430257280159
0.5454545454545455,present_warning,0,NA,1,0.5454545454545455,present_warning,7.470191342322504,0.38441666676762826,6.752113100536061,8.099047709774176
0.5555555555555556,absent_no warning,0,NA,1,0.5555555555555556,absent_no warning,7.632343694188373,0.2926837959375936,6.9887730782251705,8.101018821900066
0.5555555555555556,absent_warning,0,NA,1,0.5555555555555556,absent_warning,7.390429450462032,0.40994770611091813,6.704257476686074,8.074679906567122
0.5555555555555556,present_no warning,0,NA,1,0.5555555555555556,present_no warning,7.721188554026504,0.2855925580203269,7.03614106327737,8.184121174668237
0.5555555555555556,present_warning,0,NA,1,0.5555555555555556,present_warning,7.479623020221651,0.3854602399685366,6.7565271339529875,8.105897519956084
0.5656565656565657,absent_no warning,0,NA,1,0.5656565656565657,absent_no warning,7.636088065571089,0.292493468345375,6.989525873653354,8.104600923313013
0.5656565656565657,absent_warning,0,NA,1,0.5656565656565657,absent_warning,7.392894405489146,0.4115636585411933,6.7036138120871955,8.07716961138467
0.5656565656565657,present_no warning,0,NA,1,0.5656565656565657,present_no warning,7.7250819287930685,0.2845026735712037,7.039869117586098,8.187328382103182
0.5656565656565657,present_warning,0,NA,1,0.5656565656565657,present_warning,7.4892946072578,0.38585266735173085,6.7608026177643925,8.11241954129796
0.5757575757575758,absent_no warning,0,NA,1,0.5757575757575758,absent_no warning,7.639539316579559,0.2927458904635993,6.99059780014245,8.108500656346246
0.5757575757575758,absent_warning,0,NA,1,0.5757575757575758,absent_warning,7.396336981374722,0.41334770327366793,6.702751609808178,8.081762704587469
0.5757575757575758,present_no warning,0,NA,1,0.5757575757575758,present_no warning,7.728947828581039,0.28405336565977557,7.042306835435228,8.190579647134879
0.5757575757575758,present_warning,0,NA,1,0.5757575757575758,present_warning,7.4982210708591435,0.3863797426819208,6.76528683910242,8.118234776646629
0.5858585858585859,absent_no warning,0,NA,1,0.5858585858585859,absent_no warning,7.643180627018284,0.2932091311848663,6.990729673570851,8.112089391539486
0.5858585858585859,absent_warning,0,NA,1,0.5858585858585859,absent_warning,7.399455435834252,0.41497566937015423,6.702620195529323,8.085789989028346
0.5858585858585859,present_no warning,0,NA,1,0.5858585858585859,present_no warning,7.732484344333216,0.2834464035906214,7.044168546075659,8.193131678641548
0.5858585858585859,present_warning,0,NA,1,0.5858585858585859,present_warning,7.507399560023546,0.38674585147952917,6.769348225961424,8.123981899926385
0.595959595959596,absent_no warning,0,NA,1,0.595959595959596,absent_no warning,7.646941197081607,0.29366548374827045,6.992402877821857,8.116353405287642
0.595959595959596,absent_warning,0,NA,1,0.595959595959596,absent_warning,7.402906800245681,0.4177754929851372,6.701973998399613,8.088738279152405
0.595959595959596,present_no warning,0,NA,1,0.595959595959596,present_no warning,7.736175091407973,0.2830575574491044,7.047858989292045,8.196283324334393
0.595959595959596,present_warning,0,NA,1,0.595959595959596,present_warning,7.51599014374608,0.38617008262755287,6.7723136240947674,8.129322718930645
0.6060606060606061,absent_no warning,0,NA,1,0.6060606060606061,absent_no warning,7.651047288913222,0.2938876248781166,6.993503495182904,8.120576315420704
0.6060606060606061,absent_warning,0,NA,1,0.6060606060606061,absent_warning,7.405737877706677,0.42031121705353164,6.702199169414022,8.091354072583922
0.6060606060606061,present_no warning,0,NA,1,0.6060606060606061,present_no warning,7.739392603444967,0.28227235797424555,7.049903205522009,8.199382638939188
0.6060606060606061,present_warning,0,NA,1,0.6060606060606061,present_warning,7.524584989224341,0.3852701346889473,6.7761380397530315,8.134294416622325
0.6161616161616162,absent_no warning,0,NA,1,0.6161616161616162,absent_no warning,7.654138558836992,0.2941357049641376,6.993629272724709,8.12406836523927
0.6161616161616162,absent_warning,0,NA,1,0.6161616161616162,absent_warning,7.4087871136562,0.4217982598465654,6.7020627142709905,8.094121672181071
0.6161616161616162,present_no warning,0,NA,1,0.6161616161616162,present_no warning,7.7429916542628066,0.2814753540266768,7.053049889830845,8.202508084891514
0.6161616161616162,present_warning,0,NA,1,0.6161616161616162,present_warning,7.5337545812386875,0.3843880699853416,6.778966876107922,8.13965985135169
0.6262626262626263,absent_no warning,0,NA,1,0.6262626262626263,absent_no warning,7.657621526494448,0.2943698174142456,6.994035400832955,8.12783390135655
0.6262626262626263,absent_warning,0,NA,1,0.6262626262626263,absent_warning,7.412176097893366,0.4238026255760842,6.700432099158287,8.097513588851033
0.6262626262626263,present_no warning,0,NA,1,0.6262626262626263,present_no warning,7.747050181492643,0.28119524179529803,7.05550470595249,8.205974549519347
0.6262626262626263,present_warning,0,NA,1,0.6262626262626263,present_warning,7.542754596659678,0.3841355366007553,6.782089633859303,8.144833288003769
0.6363636363636365,absent_no warning,0,NA,1,0.6363636363636365,absent_no warning,7.66142073469994,0.2945244978460013,6.9944830682384485,8.132217071756232
0.6363636363636365,absent_warning,0,NA,1,0.6363636363636365,absent_warning,7.415192224569344,0.4249315770918089,6.699029653496005,8.100593337047929
0.6363636363636365,present_no warning,0,NA,1,0.6363636363636365,present_no warning,7.750553444685144,0.28023017167181596,7.058195428758692,8.207872868416358
0.6363636363636365,present_warning,0,NA,1,0.6363636363636365,present_warning,7.5512187522989365,0.3833543135705697,6.786438661220567,8.149808231665247
0.6464646464646465,absent_no warning,0,NA,1,0.6464646464646465,absent_no warning,7.6652346371635085,0.29477983686856324,6.994806850459542,8.135285386741277
0.6464646464646465,absent_warning,0,NA,1,0.6464646464646465,absent_warning,7.417420163931934,0.42681324313473873,6.69702681412005,8.103331796316914
0.6464646464646465,present_no warning,0,NA,1,0.6464646464646465,present_no warning,7.753965970111965,0.2795075363318355,7.060462464983667,8.210956262486793
0.6464646464646465,present_warning,0,NA,1,0.6464646464646465,present_warning,7.559064302126872,0.3823706386185843,6.790333544155895,8.154157977559768
0.6565656565656566,absent_no warning,0,NA,1,0.6565656565656566,absent_no warning,7.668322370607611,0.2950178042448567,6.995239960703204,8.138215517814434
0.6565656565656566,absent_warning,0,NA,1,0.6565656565656566,absent_warning,7.419991448386769,0.4291628299284629,6.696198299580513,8.10622326632936
0.6565656565656566,present_no warning,0,NA,1,0.6565656565656566,present_no warning,7.757184548188557,0.27908630814630353,7.063265552204137,8.213643838025344
0.6565656565656566,present_warning,0,NA,1,0.6565656565656566,present_warning,7.567591635513173,0.3804858080032073,6.793399440258861,8.158611951763968
0.6666666666666667,absent_no warning,0,NA,1,0.6666666666666667,absent_no warning,7.671529305599953,0.29486948361375254,6.995855490466951,8.142577034539679
0.6666666666666667,absent_warning,0,NA,1,0.6666666666666667,absent_warning,7.42319451923977,0.43097312858857406,6.694797551277024,8.109379627790265
0.6666666666666667,present_no warning,0,NA,1,0.6666666666666667,present_no warning,7.759719597447065,0.2786546736155945,7.065235877500558,8.215931719003283
0.6666666666666667,present_warning,0,NA,1,0.6666666666666667,present_warning,7.575239468978362,0.379157740963385,6.795711561823956,8.162829610685263
0.6767676767676768,absent_no warning,0,NA,1,0.6767676767676768,absent_no warning,7.674994311426133,0.29482144181290276,6.99587771334168,8.146068264479686
0.6767676767676768,absent_warning,0,NA,1,0.6767676767676768,absent_warning,7.4256762506176175,0.4324445289363022,6.694301179220535,8.113200039538192
0.6767676767676768,present_no warning,0,NA,1,0.6767676767676768,present_no warning,7.762393635610003,0.27788940636241455,7.066669245414125,8.218559092058223
0.6767676767676768,present_warning,0,NA,1,0.6767676767676768,present_warning,7.583431189610101,0.3786553118938259,6.799581666600967,8.166207069417515
0.686868686868687,absent_no warning,0,NA,1,0.686868686868687,absent_no warning,7.679158122950801,0.29451797577177585,6.996723092600757,8.149325393911251
0.686868686868687,absent_warning,0,NA,1,0.686868686868687,absent_warning,7.428046902037346,0.43363252392913276,6.692937535256507,8.115005734068188
0.686868686868687,present_no warning,0,NA,1,0.686868686868687,present_no warning,7.76578655688826,0.2773314609443546,7.068703576220402,8.220715412494481
0.686868686868687,present_warning,0,NA,1,0.686868686868687,present_warning,7.591482308066835,0.37783926625768477,6.803011317949059,8.16985303886908
0.696969696969697,absent_no warning,0,NA,1,0.696969696969697,absent_no warning,7.682201073017818,0.29469504061965485,6.996439812648871,8.152329325922505
0.696969696969697,absent_warning,0,NA,1,0.696969696969697,absent_warning,7.431211460666468,0.4351072182803521,6.691822749919308,8.117742272658363
0.696969696969697,present_no warning,0,NA,1,0.696969696969697,present_no warning,7.768955817718904,0.27626827469790816,7.071544273444773,8.223102647927691
0.696969696969697,present_warning,0,NA,1,0.696969696969697,present_warning,7.599243587193287,0.3770280068962915,6.806028950056561,8.173605641113776
0.7070707070707072,absent_no warning,0,NA,1,0.7070707070707072,absent_no warning,7.685472415760399,0.2947103318182275,6.997468360050314,8.155456946027474
0.7070707070707072,absent_warning,0,NA,1,0.7070707070707072,absent_warning,7.433964887475515,0.43749824276162713,6.690898363664849,8.12020294183984
0.7070707070707072,present_no warning,0,NA,1,0.7070707070707072,present_no warning,7.771973664215353,0.27616680673596844,7.072952657310282,8.226251234392665
0.7070707070707072,present_warning,0,NA,1,0.7070707070707072,present_warning,7.605936662518596,0.37596869969938956,6.809144926326878,8.177882373075338
0.7171717171717172,absent_no warning,0,NA,1,0.7171717171717172,absent_no warning,7.688207927045205,0.2948757747863817,6.9975042201241395,8.158381007710398
0.7171717171717172,absent_warning,0,NA,1,0.7171717171717172,absent_warning,7.436554426114837,0.43919334907483965,6.689759735997534,8.123550429263268
0.7171717171717172,present_no warning,0,NA,1,0.7171717171717172,present_no warning,7.774836370840906,0.2754715288816883,7.0760326750167035,8.22802471560097
0.7171717171717172,present_warning,0,NA,1,0.7171717171717172,present_warning,7.613192822963767,0.3748491623037367,6.812263650411109,8.182024336496099
0.7272727272727273,absent_no warning,0,NA,1,0.7272727272727273,absent_no warning,7.691217342049608,0.2948850982303674,6.996551088119922,8.161130993835918
0.7272727272727273,absent_warning,0,NA,1,0.7272727272727273,absent_warning,7.439849638481547,0.4411313632015944,6.687995479426324,8.125484260847063
0.7272727272727273,present_no warning,0,NA,1,0.7272727272727273,present_no warning,7.77765789807518,0.2749877669005358,7.079116850712576,8.229572062456803
0.7272727272727273,present_warning,0,NA,1,0.7272727272727273,present_warning,7.619845321549819,0.3741843760903849,6.815574491070501,8.186134565554523
0.7373737373737375,absent_no warning,0,NA,1,0.7373737373737375,absent_no warning,7.694473947373757,0.2950378421391286,6.996617318164953,8.164384585267284
0.7373737373737375,absent_warning,0,NA,1,0.7373737373737375,absent_warning,7.442590750506946,0.4425730034801804,6.687509842882692,8.128130034171761
0.7373737373737375,present_no warning,0,NA,1,0.7373737373737375,present_no warning,7.780924198947984,0.27444343403011573,7.080985423559375,8.231640523873532
0.7373737373737375,present_warning,0,NA,1,0.7373737373737375,present_warning,7.626312655693024,0.37280764635697944,6.817933547956859,8.189145725728613
0.7474747474747475,absent_no warning,0,NA,1,0.7474747474747475,absent_no warning,7.697201168663813,0.29532916002814374,6.997816687711841,8.166700773943488
0.7474747474747475,absent_warning,0,NA,1,0.7474747474747475,absent_warning,7.445620997813335,0.4437924074556769,6.686429022167978,8.130785072795687
0.7474747474747475,present_no warning,0,NA,1,0.7474747474747475,present_no warning,7.783964340958445,0.27348369900628916,7.082116273218426,8.233599989563288
0.7474747474747475,present_warning,0,NA,1,0.7474747474747475,present_warning,7.632753072792101,0.37121167744657846,6.820954478789034,8.192885730847456
0.7575757575757577,absent_no warning,0,NA,1,0.7575757575757577,absent_no warning,7.7002235172517235,0.29468997833107385,6.997805760788074,8.169677401785947
0.7575757575757577,absent_warning,0,NA,1,0.7575757575757577,absent_warning,7.4477964727544235,0.4452456206924329,6.686094810991537,8.133233584104808
0.7575757575757577,present_no warning,0,NA,1,0.7575757575757577,present_no warning,7.786911157638931,0.2733934538359704,7.083810166821421,8.235754038841046
0.7575757575757577,present_warning,0,NA,1,0.7575757575757577,present_warning,7.63936228668905,0.3700426836710056,6.823352589701021,8.196430599898001
0.7676767676767677,absent_no warning,0,NA,1,0.7676767676767677,absent_no warning,7.7028703486275925,0.2948303393416971,6.998235315139923,8.172577882293094
0.7676767676767677,absent_warning,0,NA,1,0.7676767676767677,absent_warning,7.450339421297091,0.44731455974235496,6.685352637814964,8.135994711097169
0.7676767676767677,present_no warning,0,NA,1,0.7676767676767677,present_no warning,7.789406767765913,0.27323354320705545,7.085468462250536,8.237377185630645
0.7676767676767677,present_warning,0,NA,1,0.7676767676767677,present_warning,7.646441969899158,0.36808533249360165,6.8283668315759245,8.19890604972123
0.7777777777777778,absent_no warning,0,NA,1,0.7777777777777778,absent_no warning,7.705580416515453,0.29485066621315187,6.998223866969319,8.175625023151786
0.7777777777777778,absent_warning,0,NA,1,0.7777777777777778,absent_warning,7.452322362900676,0.4484619301180055,6.685118132600452,8.138427138161942
0.7777777777777778,present_no warning,0,NA,1,0.7777777777777778,present_no warning,7.7922083374271605,0.27302582767335104,7.088288216113461,8.239232374084844
0.7777777777777778,present_warning,0,NA,1,0.7777777777777778,present_warning,7.652727851988131,0.36618983925927995,6.830549384270006,8.202584761699342
0.787878787878788,absent_no warning,0,NA,1,0.787878787878788,absent_no warning,7.7084310580823825,0.2950931921885282,6.997972489626257,8.17886034518384
0.787878787878788,absent_warning,0,NA,1,0.787878787878788,absent_warning,7.45468126497414,0.45046986419407525,6.684101838539341,8.140420617298378
0.787878787878788,present_no warning,0,NA,1,0.787878787878788,present_no warning,7.795459302257905,0.27271315788063616,7.089592308858285,8.241187956699918
0.787878787878788,present_warning,0,NA,1,0.787878787878788,present_warning,7.658201501635082,0.36447985448989534,6.83369471798125,8.20536456691359
0.797979797979798,absent_no warning,0,NA,1,0.797979797979798,absent_no warning,7.711178536607594,0.29528708984956054,6.997808716655764,8.181280428396239
0.797979797979798,absent_warning,0,NA,1,0.797979797979798,absent_warning,7.457452186942337,0.4522926111911894,6.68251784979791,8.14292896088339
0.797979797979798,present_no warning,0,NA,1,0.797979797979798,present_no warning,7.797951206609623,0.2723244334433244,7.090439141861221,8.242828163540912
0.797979797979798,present_warning,0,NA,1,0.797979797979798,present_warning,7.6645589478205665,0.36271536990685255,6.835398441652435,8.208675156573262
0.8080808080808082,absent_no warning,0,NA,1,0.8080808080808082,absent_no warning,7.7138276231927545,0.29535508543776545,6.9980087096363315,8.183964679890593
0.8080808080808082,absent_warning,0,NA,1,0.8080808080808082,absent_warning,7.460067884358773,0.4533509392934546,6.680732275450232,8.144910976505319
0.8080808080808082,present_no warning,0,NA,1,0.8080808080808082,present_no warning,7.800218519339351,0.27222345659892294,7.091682836503179,8.245067841092911
0.8080808080808082,present_warning,0,NA,1,0.8080808080808082,present_warning,7.670450265333462,0.36179744858387963,6.838463125314817,8.211991145570613
0.8181818181818182,absent_no warning,0,NA,1,0.8181818181818182,absent_no warning,7.716092783685781,0.2952018970410518,6.997967947932179,8.187333418770615
0.8181818181818182,absent_warning,0,NA,1,0.8181818181818182,absent_warning,7.461841897203506,0.4552453945873238,6.679987860961593,8.146504156149806
0.8181818181818182,present_no warning,0,NA,1,0.8181818181818182,present_no warning,7.803291525582109,0.2718757995942808,7.093631287769652,8.247024764822784
0.8181818181818182,present_warning,0,NA,1,0.8181818181818182,present_warning,7.676603321671019,0.36072652880978856,6.840782949205404,8.214801414946322
0.8282828282828284,absent_no warning,0,NA,1,0.8282828282828284,absent_no warning,7.718935841395196,0.29555087391082935,6.997604154415456,8.189768467244486
0.8282828282828284,absent_warning,0,NA,1,0.8282828282828284,absent_warning,7.464850084466757,0.4563011463488241,6.679252530860143,8.148557024182224
0.8282828282828284,present_no warning,0,NA,1,0.8282828282828284,present_no warning,7.805525174582273,0.27154270958095456,7.09532165250734,8.250295528105
0.8282828282828284,present_warning,0,NA,1,0.8282828282828284,present_warning,7.681599151289812,0.35848823214905584,6.843416207661984,8.21788063251975
0.8383838383838385,absent_no warning,0,NA,1,0.8383838383838385,absent_no warning,7.72083064649608,0.29525195905432966,6.997581843227341,8.192037401499352
0.8383838383838385,absent_warning,0,NA,1,0.8383838383838385,absent_warning,7.467263323452248,0.457455848176203,6.677511234602842,8.150302686361405
0.8383838383838385,present_no warning,0,NA,1,0.8383838383838385,present_no warning,7.807375000837284,0.2712645099714367,7.097049060195867,8.25181693313492
0.8383838383838385,present_warning,0,NA,1,0.8383838383838385,present_warning,7.6868709941071796,0.35718175422673076,6.846929387485257,8.220167926618942
0.8484848484848485,absent_no warning,0,NA,1,0.8484848484848485,absent_no warning,7.7231640160782655,0.29500010653811437,6.998036239451521,8.19413835792032
0.8484848484848485,absent_warning,0,NA,1,0.8484848484848485,absent_warning,7.46983338725278,0.4590613390701131,6.676691461198923,8.15295314699894
0.8484848484848485,present_no warning,0,NA,1,0.8484848484848485,present_no warning,7.808995233118097,0.27118789351147327,7.099266924869404,8.253931762302816
0.8484848484848485,present_warning,0,NA,1,0.8484848484848485,present_warning,7.692857209095289,0.35571403941091906,6.848284407609677,8.223109962462502
0.8585858585858587,absent_no warning,0,NA,1,0.8585858585858587,absent_no warning,7.725762310527205,0.29491637921651326,6.999193565872657,8.196013229560739
0.8585858585858587,absent_warning,0,NA,1,0.8585858585858587,absent_warning,7.472606045029187,0.4608566299973433,6.675327443411967,8.15517315263589
0.8585858585858587,present_no warning,0,NA,1,0.8585858585858587,present_no warning,7.81113867467883,0.2711270537674968,7.099338670489846,8.25559819787141
0.8585858585858587,present_warning,0,NA,1,0.8585858585858587,present_warning,7.697844731144179,0.35434724939658185,6.851044422014986,8.22554411695761
0.8686868686868687,absent_no warning,0,NA,1,0.8686868686868687,absent_no warning,7.728081607452126,0.29518414332302795,6.9980741224987995,8.197828139334451
0.8686868686868687,absent_warning,0,NA,1,0.8686868686868687,absent_warning,7.4757330442740795,0.4623692715696193,6.674417658710932,8.157196582652972
0.8686868686868687,present_no warning,0,NA,1,0.8686868686868687,present_no warning,7.812999061143481,0.27084884614812543,7.100908315929512,8.257275098978239
0.8686868686868687,present_warning,0,NA,1,0.8686868686868687,present_warning,7.702452887036328,0.3529756402398882,6.853095660793809,8.228559908892517
0.8787878787878789,absent_no warning,0,NA,1,0.8787878787878789,absent_no warning,7.730442804247194,0.2947721579920031,6.996932582047609,8.200080909191842
0.8787878787878789,absent_warning,0,NA,1,0.8787878787878789,absent_warning,7.4789838277627485,0.46454876887390734,6.673477009370647,8.159168119829395
0.8787878787878789,present_no warning,0,NA,1,0.8787878787878789,present_no warning,7.8147204980792395,0.27112042863695596,7.101574210744849,8.25936193375537
0.8787878787878789,present_warning,0,NA,1,0.8787878787878789,present_warning,7.7072193492454435,0.35152369991961263,6.854632098289765,8.231495427360105
0.888888888888889,absent_no warning,0,NA,1,0.888888888888889,absent_no warning,7.732780894359304,0.29476717486960125,6.997821883110461,8.202521452563728
0.888888888888889,absent_warning,0,NA,1,0.888888888888889,absent_warning,7.481356151534354,0.46590025045118244,6.671176282132085,8.160467182597545
0.888888888888889,present_no warning,0,NA,1,0.888888888888889,present_no warning,7.817137184430601,0.27088154583364393,7.1019652577611385,8.260952744746069
0.888888888888889,present_warning,0,NA,1,0.888888888888889,present_warning,7.712435703374267,0.34972963546798375,6.85695051512798,8.23379343217287
0.8989898989898991,absent_no warning,0,NA,1,0.8989898989898991,absent_no warning,7.73512860839223,0.29450150065913727,6.997932965808534,8.204747104452622
0.8989898989898991,absent_warning,0,NA,1,0.8989898989898991,absent_warning,7.4838412914830865,0.4668883444741752,6.670453183086902,8.161116840991257
0.8989898989898991,present_no warning,0,NA,1,0.8989898989898991,present_no warning,7.818822456192766,0.27123118529595436,7.1021202455734285,8.263049783775127
0.8989898989898991,present_warning,0,NA,1,0.8989898989898991,present_warning,7.717084360799975,0.34771340168971204,6.85982190804052,8.236957012400918
0.9090909090909092,absent_no warning,0,NA,1,0.9090909090909092,absent_no warning,7.737676625650592,0.2944759232431633,6.998179530471374,8.207227308154888
0.9090909090909092,absent_warning,0,NA,1,0.9090909090909092,absent_warning,7.486665293410509,0.46782401608002017,6.669230463058843,8.162127048572161
0.9090909090909092,present_no warning,0,NA,1,0.9090909090909092,present_no warning,7.821692079503085,0.2715893292444789,7.104187483847677,8.264699423308121
0.9090909090909092,present_warning,0,NA,1,0.9090909090909092,present_warning,7.721195422816198,0.3463789359334204,6.861079207718509,8.23913507324049
0.9191919191919192,absent_no warning,0,NA,1,0.9191919191919192,absent_no warning,7.740192070462461,0.2944624692311074,6.998382842823413,8.209165547514832
0.9191919191919192,absent_warning,0,NA,1,0.9191919191919192,absent_warning,7.489200895271772,0.46889867027646415,6.668292252166598,8.163696347110633
0.9191919191919192,present_no warning,0,NA,1,0.9191919191919192,present_no warning,7.823485356319879,0.27157580374821755,7.105683492110512,8.266542494307084
0.9191919191919192,present_warning,0,NA,1,0.9191919191919192,present_warning,7.725894623191806,0.34539859593414596,6.863689782841682,8.240572410633384
0.9292929292929294,absent_no warning,0,NA,1,0.9292929292929294,absent_no warning,7.742417267362015,0.2946231766978287,6.997825004528783,8.210719604553214
0.9292929292929294,absent_warning,0,NA,1,0.9292929292929294,absent_warning,7.49147225643728,0.4699239300815921,6.667338632031839,8.165787989503942
0.9292929292929294,present_no warning,0,NA,1,0.9292929292929294,present_no warning,7.8256430929823235,0.27115825806730615,7.107631765997314,8.267880115523559
0.9292929292929294,present_warning,0,NA,1,0.9292929292929294,present_warning,7.730287558028815,0.343973901460484,6.86476833025277,8.242694121669816
0.9393939393939394,absent_no warning,0,NA,1,0.9393939393939394,absent_no warning,7.744915013979586,0.2947812580184234,6.997397789664575,8.213104775066862
0.9393939393939394,absent_warning,0,NA,1,0.9393939393939394,absent_warning,7.494243851367326,0.4706396356102114,6.666709744389821,8.166868893636536
0.9393939393939394,present_no warning,0,NA,1,0.9393939393939394,present_no warning,7.827257564735482,0.27085037920061084,7.107191639358398,8.268811366158797
0.9393939393939394,present_warning,0,NA,1,0.9393939393939394,present_warning,7.734268028114692,0.3425847958298465,6.8665110856653415,8.245274606343541
0.9494949494949496,absent_no warning,0,NA,1,0.9494949494949496,absent_no warning,7.7470356477500975,0.2948319535615682,6.996650283509976,8.215345242383162
0.9494949494949496,absent_warning,0,NA,1,0.9494949494949496,absent_warning,7.49666535733792,0.47235319067793885,6.665717731193594,8.168747610250017
0.9494949494949496,present_no warning,0,NA,1,0.9494949494949496,present_no warning,7.829056370677701,0.2705084782926824,7.108294876129971,8.269478669891493
0.9494949494949496,present_warning,0,NA,1,0.9494949494949496,present_warning,7.738003983315019,0.34115682618418264,6.86786372678499,8.24759090091457
0.9595959595959597,absent_no warning,0,NA,1,0.9595959595959597,absent_no warning,7.749303767388559,0.2947284477937158,6.997344697840924,8.216884760452963
0.9595959595959597,absent_warning,0,NA,1,0.9595959595959597,absent_warning,7.499438789051396,0.4728747726860775,6.664980959421879,8.170573033091179
0.9595959595959597,present_no warning,0,NA,1,0.9595959595959597,present_no warning,7.831014662631037,0.2699609476553017,7.109468628871689,8.27058136579053
0.9595959595959597,present_warning,0,NA,1,0.9595959595959597,present_warning,7.7421830780824585,0.33949274286657066,6.869422736748845,8.249898857694273
0.9696969696969697,absent_no warning,0,NA,1,0.9696969696969697,absent_no warning,7.751472030140272,0.29447968039013966,6.997316957212484,8.219413899867723
0.9696969696969697,absent_warning,0,NA,1,0.9696969696969697,absent_warning,7.502163526517142,0.4739026534268058,6.663147186477007,8.172057380944295
0.9696969696969697,present_no warning,0,NA,1,0.9696969696969697,present_no warning,7.832902817592713,0.27016920962270985,7.110474467224115,8.2719279176306
0.9696969696969697,present_warning,0,NA,1,0.9696969696969697,present_warning,7.746357963622679,0.33831396918893947,6.871566187763209,8.251539784320773
0.9797979797979799,absent_no warning,0,NA,1,0.9797979797979799,absent_no warning,7.753427914847931,0.29471815222076864,6.996133427876984,8.22177496098757
0.9797979797979799,absent_warning,0,NA,1,0.9797979797979799,absent_warning,7.504614804141555,0.4750975600784395,6.661603486868788,8.173627262440613
0.9797979797979799,present_no warning,0,NA,1,0.9797979797979799,present_no warning,7.834491104813338,0.2704025201291778,7.111667687072814,8.273511920274244
0.9797979797979799,present_warning,0,NA,1,0.9797979797979799,present_warning,7.750392489524803,0.3372488394179177,6.873509052260543,8.2534428706648
0.98989898989899,absent_no warning,0,NA,1,0.98989898989899,absent_no warning,7.755231872994122,0.29472554513795746,6.996357085446403,8.223270494613523
0.98989898989899,absent_warning,0,NA,1,0.98989898989899,absent_warning,7.507225185279525,0.4759261655468914,6.660283633753504,8.174770861126378
0.98989898989899,present_no warning,0,NA,1,0.98989898989899,present_no warning,7.835955535193958,0.27083270364092843,7.112074787285091,8.274614419113053
0.98989898989899,present_warning,0,NA,1,0.98989898989899,present_warning,7.754478309641175,0.3357024838694293,6.875500513953937,8.255232103082406
1,absent_no warning,0,NA,1,1,absent_no warning,7.7572720335647265,0.2947245527482309,6.995687905292536,8.224883036222257
1,absent_warning,0,NA,1,1,absent_warning,7.51035631886978,0.47708080436136513,6.659439371821441,8.176779332936094
1,present_no warning,0,NA,1,1,present_no warning,7.8373251687939405,0.2710286781747172,7.112014834283421,8.276114405840953
1,present_warning,0,NA,1,1,present_warning,7.757443965870346,0.3346870215312398,6.876313439101978,8.257236538813048
